LIMIT_BAL,SEX,EDUCATION,MARRIAGE,AGE,PAY_0,PAY_2,PAY_3,PAY_4,PAY_5,PAY_6,BILL_AMT1,BILL_AMT2,BILL_AMT3,BILL_AMT4,BILL_AMT5,BILL_AMT6,PAY_AMT1,PAY_AMT2,PAY_AMT3,PAY_AMT4,PAY_AMT5,PAY_AMT6,default payment next month
50000,2,2,2,29,2,2,2,2,2,2,30715,29923,32700,28768,29639,28629,0,3304,4,2230,0,2009,1
70000,2,2,1,46,0,0,0,0,0,0,70349,70068,71318,59665,29510,26738,2600,3700,2600,1200,1200,1000,0
160000,2,1,2,27,0,0,-2,-1,-1,-1,13234,0,6000,15866,4168,2067,0,6000,15866,4168,2067,11826,0
310000,1,2,2,30,0,0,0,0,0,0,253549,259711,265931,245884,200380,221201,10400,11200,10840,9361,5300,8205,0
230000,1,1,1,45,0,0,0,0,0,0,26071,27937,28774,29202,29683,30277,2200,2000,1100,1000,980,1012,0
220000,1,1,2,34,0,0,0,0,0,0,29549,28267,29708,25407,25109,23320,2000,3000,800,5000,5000,2000,0
60000,2,1,2,23,0,0,0,0,0,0,21972,24612,16711,8549,7635,12258,3126,1392,5033,3601,5200,3647,0
200000,2,3,2,33,-1,-1,-1,0,-1,-1,834,165,6682,16045,4679,280,165,6682,10000,4679,280,0,0
120000,2,2,2,29,0,0,0,2,-1,0,9102,10626,15003,9270,46193,30774,2000,5000,0,49920,1500,4000,0
210000,2,1,1,53,0,0,0,0,0,0,180227,186423,169614,172297,177427,182399,11000,8000,7000,8000,8000,9000,0
20000,2,2,2,34,0,-1,-1,-2,-2,-2,17489,3077,0,0,0,0,3077,19837,0,15846,2000,0,0
190000,1,2,1,23,0,0,0,0,0,0,223483,183900,182911,156432,152708,133584,11837,6070,5136,5183,5237,4396,1
360000,2,2,1,30,0,0,-2,-2,-2,-2,19918,-182,-6877,-5377,-2377,-377,500,0,2000,3000,2000,3000,0
50000,2,2,2,25,0,0,0,0,0,0,37034,37698,37252,38254,38445,39273,1586,1624,1626,1377,1448,1399,0
360000,1,1,1,39,-1,-1,-1,-1,-1,0,30956,30814,42791,31830,30693,596,30818,42887,31839,30693,3,30899,0
120000,2,1,2,26,0,0,0,0,0,0,10172,12400,14256,16859,17477,21588,3000,3000,4000,4000,5000,5000,0
70000,2,1,1,35,4,4,3,2,0,0,77021,73268,70275,46045,42357,41026,0,2001,0,1666,1505,2079,0
100000,2,1,2,32,0,-1,0,0,0,0,11273,694,1694,2096,2143,1723,694,1000,1000,47,0,3354,0
50000,2,3,2,52,0,0,0,0,0,0,47670,48447,49493,48497,18930,19329,1954,2000,20567,1000,664,1000,0
20000,2,3,2,39,0,0,0,2,2,3,8720,12241,16020,16457,20906,20289,4000,4000,1000,4750,0,600,1
530000,1,1,2,30,0,0,0,0,0,0,205848,214022,393664,235392,232640,239004,13000,20000,10000,10000,10000,9000,0
360000,2,1,2,30,-2,-2,-2,-2,-2,-2,4765,3415,1539,6501,3458,2786,3434,1546,6541,3475,2788,5710,0
280000,2,1,2,28,-2,-2,-2,-2,-2,-2,21670,15767,15288,4923,19616,5191,15846,15364,9948,19693,5216,488,0
340000,2,2,1,44,0,0,0,-1,0,0,240851,171731,61404,114807,114560,85272,8297,4951,199726,4476,3257,3497,0
50000,1,3,1,36,2,0,0,0,0,0,47097,46006,36272,11521,2678,5468,1796,1284,1060,100,99,273,1
80000,2,2,1,44,-2,-2,-2,-1,4,3,0,0,0,600,600,300,0,0,600,0,0,0,0
400000,2,2,1,44,0,0,2,0,0,0,131595,139060,126819,104430,104990,94058,10700,3,3050,3000,3200,2800,0
130000,2,1,2,25,0,0,0,0,-2,-2,123945,127883,133400,0,0,0,6000,9000,0,0,0,0,0
180000,2,1,2,26,0,0,0,0,0,0,60258,51699,48469,49553,49772,50829,2130,2200,2200,2000,2000,2100,0
220000,2,1,1,49,-2,-2,-2,-2,-2,-2,0,0,0,0,4488,540,0,0,0,4488,540,0,1
30000,2,1,1,33,0,0,0,0,0,0,27729,28138,28285,28463,29303,29766,1500,1500,1500,1300,1100,1032,0
110000,2,2,2,39,0,0,0,0,0,0,111533,110367,112974,108390,107180,107309,5500,5900,5500,5000,5000,4300,0
500000,1,1,2,34,0,0,0,0,0,0,8007,10556,14332,20393,22633,24318,3000,4000,6500,5000,2000,4000,0
50000,1,2,2,43,0,0,0,0,0,0,50785,48709,50981,45793,46555,38816,3000,4414,1500,1042,2000,0,1
180000,1,2,1,46,-2,-2,-2,-2,-2,-2,390,3182,780,0,0,0,3182,780,0,0,0,0,1
30000,2,2,2,23,0,0,0,0,0,2,11284,12294,13320,14031,15593,15201,1503,1529,1240,1802,0,707,0
20000,2,1,2,24,0,0,2,0,0,0,3634,6568,7307,8027,8892,9739,3000,1000,1000,1000,1000,1000,0
100000,2,3,1,39,1,-1,-1,-1,-1,-1,-5,580,2207,630,540,0,585,2207,630,540,0,0,0
450000,2,1,2,31,-1,-1,-1,-1,0,0,12818,17522,35727,82517,91873,41628,17577,35758,90018,41340,20000,15000,0
200000,2,3,1,46,-1,0,0,0,0,0,154875,140376,129962,124282,118956,121449,5216,8000,20000,15653,3793,10000,0
30000,2,2,2,23,4,3,2,2,2,2,28607,27868,28312,28747,29439,29909,0,1200,1200,1300,1100,0,0
330000,2,1,1,34,0,0,-1,-1,0,0,21576,24226,15577,89851,86005,121319,5002,15579,89851,5000,50000,100000,0
80000,2,2,2,22,0,0,0,0,0,0,2524,5097,6107,7141,7355,7357,3000,1500,1500,700,500,500,0
240000,2,2,1,53,-2,-2,-2,-2,-2,-2,890,236,0,2194,439,1085,236,0,2194,441,1085,858,0
200000,2,1,2,35,-2,-1,-1,-1,-1,-1,0,185,1916,0,150,1348,185,1916,0,150,1348,1000,0
180000,1,2,1,47,0,0,0,0,0,0,179253,95170,97338,99694,65977,67415,3700,3700,4100,2360,2500,2618,0
150000,2,2,1,41,-2,-2,-2,-2,-2,-2,11026,9459,9929,1595,3630,3516,9640,9976,1595,3647,3516,11071,0
220000,2,2,2,41,0,0,0,0,0,0,32016,29052,23115,20354,7438,4887,2004,2009,5004,1000,1000,3000,1
170000,1,2,1,39,0,0,0,0,0,0,142509,143339,125864,112300,110371,113685,5000,20000,6000,5000,5000,3000,0
180000,2,3,1,43,-1,-1,-1,-1,-1,-2,780,0,390,780,0,0,0,780,780,0,0,0,0
50000,1,3,2,44,0,0,0,0,0,-2,40151,38951,28984,29422,0,0,2000,2000,2000,0,0,0,0
50000,1,3,1,54,0,0,0,3,2,2,34301,35450,39455,38564,37842,40342,1700,4630,0,0,3105,0,1
80000,1,1,2,29,1,-1,-1,-1,-2,-2,-54,36656,5114,0,0,0,36710,5114,0,0,0,0,0
120000,1,2,2,34,-1,-1,-1,-1,-1,-1,1236,856,856,856,856,856,856,856,856,856,856,856,0
720000,2,1,1,45,0,0,0,0,0,0,125529,112933,105582,104501,83504,79411,8019,8043,10092,3020,2591,10081,0
80000,1,1,2,56,0,0,0,0,0,0,89088,83558,84848,63373,20324,23749,3400,2983,1501,5000,5000,5000,1
130000,2,2,1,29,1,2,2,2,2,2,85342,88063,89895,87577,93136,91551,5000,4100,0,7000,0,7200,0
50000,1,1,2,48,0,0,0,-1,0,0,56672,53540,53321,49263,29063,26644,2500,1066,50045,992,1000,1000,0
200000,2,2,2,27,0,0,0,0,0,0,127843,131352,130884,132142,118084,114281,6579,4734,4368,4183,4227,4066,0
140000,1,1,1,49,2,0,0,0,0,0,136128,98337,60627,39760,40045,40865,4756,3600,1500,1300,1318,1307,1
170000,1,1,1,40,0,0,0,0,0,0,171841,171014,168142,169821,173014,163570,7540,7540,6301,6517,6035,6435,0
50000,2,3,1,46,0,0,0,0,0,2,51207,47915,49073,47889,51139,49000,2162,2284,2100,4200,0,4200,0
30000,2,2,2,22,0,0,0,0,0,0,30719,30123,30112,26763,22303,24397,1900,1626,1267,766,10000,919,0
280000,1,1,2,27,-1,-1,-1,-1,-1,-1,5521,-7,1485,5727,1247,2037,7,1492,5727,1247,2037,26920,0
30000,2,3,1,48,0,0,0,0,0,2,14834,15844,18883,17901,19241,18794,1261,3300,1301,1641,0,860,1
10000,1,2,2,24,1,2,2,0,0,3,5570,7327,7065,8058,9433,9008,2000,0,1125,1500,0,0,1
260000,2,1,2,36,-1,-1,-1,-1,-1,-1,7740,1445,782,790,849,12319,1445,782,790,849,12319,7575,0
50000,1,2,1,40,0,0,0,0,0,0,18485,10767,9775,10122,9146,9341,1166,1200,481,321,336,174,0
350000,2,1,2,31,0,0,0,0,0,2,181550,177978,164481,198545,232543,165288,10000,20000,100048,60000,0,5000,0
50000,2,3,1,52,1,2,0,0,2,2,30505,29731,31062,33231,33736,33042,0,1831,3000,1182,0,1228,1
270000,2,1,1,36,-2,-2,-2,-2,-2,-2,3291,0,0,0,0,0,0,0,0,0,0,0,0
50000,1,2,2,26,0,0,0,0,0,0,48221,49629,48868,49668,49780,49980,2571,1200,1000,40000,1000,0,0
90000,1,2,2,30,-1,-1,-1,0,0,-1,370,370,922,552,182,312,370,922,0,0,500,600,0
50000,1,2,1,49,1,2,0,0,0,0,16747,16181,17912,19606,20969,25302,0,2000,2000,2000,5000,0,1
120000,2,1,2,25,0,0,0,0,0,0,58106,53974,51786,43180,41469,42004,2000,3000,3000,4000,4000,2000,0
180000,1,1,1,46,0,0,0,0,-2,-2,160580,171644,184650,0,0,0,13714,16500,0,0,0,0,1
210000,2,2,2,23,0,0,0,0,0,0,9987,14769,16658,21032,19497,3510,5000,5000,5000,8000,2000,4209,0
80000,1,2,1,37,0,0,-1,-1,0,0,43311,16348,9360,6295,14844,29065,5377,9383,6295,10018,21939,5002,0
100000,1,2,2,30,1,3,7,6,7,8,72652,90461,89011,96593,105083,103522,20000,0,10000,10000,0,0,1
100000,2,2,1,48,0,0,0,0,0,0,109033,97041,80993,72751,67146,68490,3641,3782,5000,5000,3000,3000,0
160000,2,1,1,31,-1,-1,-1,-1,-2,-2,3089,0,12548,0,0,0,0,12548,0,0,0,0,0
90000,2,3,1,53,0,0,0,0,0,0,88363,87235,88338,78994,50095,48987,3200,4000,2602,2000,3000,2000,1
250000,2,1,1,53,-1,-1,-1,-1,-1,0,440,439,440,440,880,440,439,441,440,880,0,590,0
400000,2,3,1,30,0,0,0,0,0,0,121219,113770,355718,298654,263190,202907,4981,263106,10900,10063,7708,5394,0
30000,1,3,2,23,1,2,0,0,0,0,30391,29144,30419,30097,25887,25707,0,2033,1420,0,92,0,0
50000,2,3,2,57,0,0,0,0,0,0,18599,18598,18835,18475,18135,17777,1321,1278,638,654,659,557,0
200000,2,2,1,34,0,0,0,0,0,0,5481,6430,4494,4771,9454,8595,1068,1140,1000,5000,3000,3000,0
80000,2,2,2,23,-1,-1,-2,-2,-2,-2,309,-77,-77,-270,-463,-656,0,0,0,0,0,0,1
80000,1,1,2,33,0,0,0,0,0,0,59991,63371,65616,36159,36712,38194,5000,4000,2500,2500,2000,1000,0
200000,2,2,2,26,0,0,0,-1,0,0,12557,11443,4794,11720,12293,10798,1084,1024,11726,2608,344,253,0
300000,2,2,2,57,-1,-1,-1,2,-1,0,2890,390,1380,390,1170,390,390,1380,0,1170,0,0,0
230000,1,1,2,29,0,0,0,0,0,0,32375,36817,40170,43473,44663,47207,5000,5000,5000,3000,5000,5000,0
290000,2,2,2,26,0,0,0,-1,-1,0,20807,99860,100000,3015,23473,1448,80000,3000,3015,23473,1148,4900,0
300000,1,1,1,38,-1,-1,-1,-1,-2,-2,706,195,504,-627,-918,-1209,200,600,0,0,0,1791,1
130000,2,1,1,35,0,0,0,-1,-1,-1,81313,117866,17740,1330,7095,1190,40000,5000,1330,7095,1190,2090,0
80000,1,2,2,46,0,0,0,0,0,0,44302,45311,46321,47259,48230,49351,1192,1202,1135,1165,1326,2204,0
80000,2,2,2,32,-2,-2,-2,-2,-2,-2,3459,3789,3459,528,6918,0,3789,3459,528,6918,0,0,0
120000,2,2,1,25,2,0,0,2,0,0,17488,19002,20805,18271,18128,16405,3000,3000,0,961,2000,2056,1
120000,2,2,2,25,0,0,2,0,0,2,46953,48670,49587,50961,53597,55094,2500,2000,2500,4100,2500,0,0
60000,2,3,2,44,-1,-1,-2,-2,-2,-2,2802,0,0,0,0,0,0,0,0,0,0,0,0
300000,1,2,1,39,0,0,0,0,0,0,127237,114506,115420,118149,110223,110449,4100,4600,7384,3500,3900,4500,0
80000,1,1,2,26,0,0,0,0,0,0,76867,51936,28221,28809,19551,19925,1600,1300,859,3000,800,50000,0
330000,2,1,2,34,0,0,0,0,0,0,261974,245882,228275,227974,185431,107493,15000,10008,10000,20000,25000,3500,0
200000,1,2,1,41,0,0,2,0,0,0,92272,69963,67223,69167,69289,70333,6582,0,2943,2301,2374,2500,0
50000,2,3,2,55,0,0,0,0,0,0,45698,49270,48186,20127,18988,19942,6000,2044,3150,1000,3000,905,0
260000,2,1,2,33,0,0,0,0,0,0,248034,241535,174423,46654,202945,180891,11381,7256,2312,200128,7175,5612,0
200000,1,1,2,28,-2,-2,-2,-2,-2,-2,972,-1,-1,299,299,293,0,0,300,300,294,0,0
340000,1,1,2,29,-1,0,0,0,0,0,44855,331641,331334,286660,263505,268256,300039,13214,12005,13005,10011,12005,0
230000,2,1,2,30,2,2,2,2,2,2,216409,221419,224753,228022,232724,260472,10000,8500,8500,8500,32000,200,0
620000,2,1,2,38,-1,-1,-1,-2,-1,0,1966,35703,1241,-119,23969,5567,35703,1241,119,24088,0,0,0
110000,2,1,2,24,0,0,2,2,0,0,9334,108868,96998,94480,90860,85529,100082,4200,0,3000,3140,4900,0
180000,2,2,1,41,0,0,-2,-2,-2,-2,184650,0,0,0,0,0,0,0,0,0,9000,0,0
210000,2,2,1,43,1,-2,-2,-2,-2,-2,0,0,0,0,0,0,0,0,0,0,0,0,1
20000,2,1,2,22,0,0,0,0,2,0,3978,5249,6362,7256,6995,7228,1500,1362,1000,0,350,300,1
50000,2,2,2,24,1,2,0,0,0,0,49469,42983,40307,17575,14691,14393,0,2199,1000,5000,2000,5000,1
220000,1,1,2,34,-1,-1,-1,-2,-2,-2,17875,3431,-344,-344,-601,-601,3431,0,0,0,0,0,1
230000,2,2,1,52,1,-2,-2,-2,-2,-2,0,0,0,0,0,0,0,0,0,0,0,0,0
60000,2,3,1,42,0,0,2,2,2,0,26536,26443,18486,19077,18487,18429,5000,0,3000,2,1000,1000,0
60000,2,1,2,25,0,0,0,2,2,2,24066,24786,27050,26317,28200,28762,1414,2678,0,2310,1173,0,0
50000,2,2,1,39,1,2,2,2,0,0,27094,26365,29124,28357,28984,30012,0,3500,0,1100,1500,1100,1
390000,2,2,2,26,2,2,2,0,0,0,185111,172865,153795,140387,128112,115514,5000,3000,5000,4548,4100,3300,0
20000,1,2,2,25,0,0,0,0,0,-1,10642,11677,13070,12280,1615,1620,1200,1593,601,135,1824,0,0
130000,1,2,2,29,0,0,0,0,0,2,111731,108635,108842,110236,114763,118884,6000,6000,5000,6800,6500,0,0
50000,2,2,1,44,0,0,0,0,0,0,27321,24726,22581,20192,18813,17328,1415,1500,700,700,629,488,0
460000,2,1,1,45,-1,-1,-1,-1,-1,-1,184,1899,1819,1572,237,1572,1904,1819,1572,237,1572,230,0
290000,2,3,1,58,1,2,2,2,0,0,68445,66757,76983,74891,78100,83325,0,12000,0,5000,6000,0,0
50000,2,2,2,27,2,2,2,2,2,2,41126,42244,43264,43751,44731,45770,2100,2000,1500,2000,1900,1900,1
240000,2,2,1,53,0,0,0,0,2,0,135322,100522,84626,76205,46771,35207,4531,3728,3612,0,1100,2000,0
500000,1,1,2,31,-2,-2,-1,0,-1,-1,81252,14979,26089,13333,13256,106200,16527,27243,1000,13256,106354,213405,0
70000,2,2,1,27,3,2,3,2,0,0,70084,71379,69264,26547,24173,24620,3000,0,0,2000,1000,1000,1
360000,2,1,1,36,-1,-1,-1,0,0,-2,2471,467,10947,9594,0,0,1000,11000,0,0,0,37704,0
240000,1,2,2,41,0,0,0,0,0,0,226047,230787,236518,232756,214781,219313,10000,11000,10300,7700,8000,8100,0
170000,1,1,2,37,-1,-1,-1,-1,-1,-1,4334,1343,1078,1392,1606,9955,1343,1078,1392,1606,9955,4382,1
50000,1,1,2,27,-2,-2,-2,-2,-2,-2,0,0,0,0,0,0,0,0,0,0,0,0,0
470000,2,2,1,45,0,0,0,0,0,0,212948,188435,182687,153366,114451,122489,30000,15000,5052,5000,10000,15000,0
60000,1,1,2,31,1,-2,-2,-1,0,-1,0,-880,-2640,1760,880,3110,0,0,4400,0,3110,0,1
140000,1,2,1,52,1,2,0,0,2,0,31511,30705,31809,34374,33522,34481,0,1600,3100,0,1500,1500,1
240000,2,1,2,36,-1,-1,-1,-1,-1,-1,330,3152,5400,3799,574,4899,3152,5416,3799,577,4899,1450,0
140000,2,3,1,42,2,2,2,2,2,0,47556,48802,47722,50411,49473,50649,2300,0,3800,0,2000,2000,0
30000,2,2,1,43,-1,-1,-1,-1,-2,-1,10443,4503,9000,0,0,5394,4503,9000,0,0,5394,6171,0
320000,2,1,2,32,-1,0,-1,-1,-1,-1,13122,6796,7788,6751,8354,12271,1500,8000,7000,8500,13000,15000,0
280000,1,1,2,35,0,0,0,0,0,0,210465,200959,146652,132527,70421,60235,10299,7200,5886,3000,5000,5000,0
200000,2,3,1,67,0,0,0,0,0,0,187610,188072,166668,159513,150852,151996,10000,17014,15019,15000,15000,10000,0
200000,2,3,2,63,-1,3,2,-1,-1,-1,632,632,316,316,316,316,0,0,316,316,316,316,1
50000,2,3,2,28,1,3,3,2,2,2,40527,42066,41126,40165,42683,43843,2500,0,0,3200,2000,1700,0
260000,2,3,1,51,-2,-2,-2,-2,-2,-2,1821,7091,1546,37708,4080,11036,7091,1555,37708,303,7500,0,0
140000,2,1,1,34,0,0,0,0,0,0,103288,98632,93615,91282,88128,87812,4500,4126,3509,3500,4000,3500,0
90000,2,1,1,31,1,2,-1,0,0,-1,8318,6111,33212,8978,1782,23173,39,33500,0,0,25000,0,0
30000,2,3,1,43,0,0,0,0,0,0,23101,16480,15459,15366,15680,15000,1481,1400,307,314,300,1770,0
160000,2,2,2,28,-2,-2,-2,-2,-2,-2,2191,645,2102,5477,2258,1849,645,2118,5477,2276,1851,5543,0
280000,1,1,2,30,-2,-2,-2,-2,-2,-2,3310,-6,4759,996,0,1199,0,4765,996,0,1199,909,0
420000,2,2,1,41,0,0,0,0,0,0,373978,389754,366938,361024,354813,344221,33808,14996,13209,12890,11081,16298,1
150000,1,1,1,32,0,0,-2,-1,-1,-2,15000,0,0,1662,0,0,0,0,1662,0,0,0,0
180000,2,1,2,34,0,0,0,0,0,2,85129,88701,91356,94820,100740,99015,5000,5000,5000,7500,0,6000,1
300000,2,1,1,33,-1,-1,-1,-1,-1,0,3890,4002,1438,5322,6814,2956,4008,1438,5328,6814,114,1740,0
260000,2,5,2,32,0,0,0,0,0,0,169734,168207,155963,148701,141039,143838,6568,6025,5703,5123,5148,5368,1
20000,2,3,1,61,1,-2,-2,-2,-2,-2,0,0,0,0,0,0,0,0,0,0,0,0,1
40000,2,3,1,43,0,0,0,0,0,0,38257,38901,38103,36207,33138,31339,1700,1504,1200,1500,1500,1000,0
200000,2,3,1,42,0,0,0,0,2,-1,1554,1645,1408,1800,819,886,1345,1108,669,0,886,2415,0
50000,1,3,2,54,0,0,0,0,0,0,75804,76799,78692,79543,19738,19759,2785,3068,2309,694,716,808,0
360000,2,1,2,29,1,-2,-2,-2,-2,-2,0,0,0,0,0,0,0,0,0,0,0,0,0
20000,1,3,2,23,0,0,0,0,0,0,19812,20388,19145,20124,20127,20150,1300,1330,1309,702,719,1000,0
430000,1,3,2,47,1,-1,-1,-1,-1,-1,-18,6390,8833,9906,14239,9562,6408,8840,9954,14285,9584,26023,0
30000,1,2,2,27,0,0,0,0,0,0,29063,28601,28503,27525,27630,0,1908,1200,2,835,0,0,0
60000,1,2,2,30,0,0,0,0,0,0,57041,58268,59568,61298,29587,27267,2148,2303,2669,1032,1000,1300,0
170000,2,1,2,26,0,0,0,0,0,0,47642,40779,34570,33153,24969,22893,4000,2006,1000,1000,1000,1000,0
270000,1,2,1,34,2,0,0,0,0,0,275572,277585,232661,150298,134808,129645,10332,10000,18021,8026,6011,5000,1
420000,1,1,2,33,1,2,2,-2,-2,-2,170146,9771,0,24683,23702,46093,0,20,24683,752,30002,1056,0
50000,2,2,2,40,0,0,0,0,0,0,50531,50446,48763,35038,27839,27872,2504,1815,2389,3003,2800,2504,1
240000,1,1,2,33,0,0,0,0,-2,-2,47742,27044,24007,0,0,0,1898,1006,0,0,0,0,0
20000,2,1,2,28,2,0,-1,0,0,0,18540,19726,8564,19775,19878,19898,2000,8568,19000,800,1000,20000,1
670000,1,1,2,28,0,0,0,0,0,0,88612,91137,99314,95292,63782,41114,5000,10000,4500,6000,1300,3000,0
30000,2,2,1,30,0,0,0,-2,-2,-2,14451,15525,0,0,0,0,1525,0,0,0,0,0,0
120000,2,2,2,24,0,0,0,0,0,-1,11296,12200,11761,6761,7189,1087,1400,1000,0,1000,1087,801,0
210000,1,1,1,38,0,0,0,-2,-2,-2,81582,82768,654,628,302,476,4000,1584,300,0,500,476,0
70000,2,1,1,36,2,0,0,0,0,0,81719,85389,86287,65287,35345,9360,5000,3000,2000,3000,5000,0,0
360000,1,1,1,37,-2,-2,-2,-2,-2,-2,-40,8147,1564,4941,2666,588,8187,1571,4965,2679,590,529,0
60000,2,2,1,30,0,0,0,0,0,0,59533,61276,61117,25254,26237,26752,3300,1900,1100,3000,1011,5000,0
290000,2,1,2,30,0,0,0,0,0,0,41626,8341,17333,34539,35288,35438,5004,10000,18000,1200,3000,2000,0
360000,1,1,1,29,0,0,0,0,0,-1,55104,52585,45914,8835,3421,2391,2094,1760,204,17,2403,0,0
50000,2,2,2,24,2,0,0,0,0,0,23497,24197,25226,26238,26760,27318,1395,1424,1436,958,989,1128,0
360000,1,2,1,36,-2,-2,-2,-2,-2,-2,4671,928,5384,499,596,2338,929,5405,500,597,2340,2649,0
30000,2,2,2,24,1,2,2,0,0,0,15164,16607,17032,17448,18507,19046,2000,1000,1000,1500,1000,1000,1
180000,2,2,1,36,-2,-2,-2,-2,-2,-2,0,0,0,0,0,0,0,0,0,0,0,0,0
180000,2,2,1,33,0,0,0,0,0,0,165839,153828,158050,149023,135798,112666,20064,30032,20027,40000,10000,0,0
100000,1,2,2,28,0,0,0,0,0,0,61396,60621,58855,48570,47651,38481,3012,2500,1700,2100,2500,2708,0
80000,2,2,1,36,0,0,0,0,0,0,74652,76506,78173,79220,81351,48056,3700,3500,3000,3368,1023,1500,0
200000,1,1,2,26,0,0,-2,-2,-2,-1,16000,0,0,0,0,-1108,0,0,0,0,40,84628,0
80000,2,2,1,31,-2,-2,-2,-2,-2,-2,0,0,0,0,0,0,0,0,0,0,0,0,0
110000,2,2,1,42,0,0,0,2,2,0,5174,6184,8383,8394,7709,8084,1106,2393,300,0,500,500,0
290000,1,2,2,38,-1,-1,-1,-1,-1,-1,72607,1995,2791,4644,2936,2245,2003,2803,4680,2956,2254,1811,0
40000,2,2,2,43,1,3,2,2,3,2,9268,8974,8885,10583,10269,9960,0,200,2000,0,0,1200,0
50000,2,2,2,24,0,0,0,0,0,0,50870,49831,47162,47696,36476,32654,1985,2316,1850,1500,1200,5196,0
390000,2,3,1,58,-2,-2,-2,-2,-2,-2,1186,15523,0,609,0,0,15657,0,609,0,0,0,0
380000,2,2,1,38,0,0,0,-2,-2,-2,12538,6666,0,0,0,0,1000,0,0,0,0,0,0
140000,1,2,2,25,1,-1,-1,-1,0,0,0,850,2620,66397,62967,44226,850,2620,66397,2038,2000,15000,0
220000,2,2,2,36,0,0,0,0,0,0,124418,126695,106534,109884,106114,108202,6300,4000,5500,3775,4100,5000,0
60000,2,1,2,28,0,0,2,2,-1,-1,20729,14486,12163,8891,1723,40276,3016,1000,0,1723,40276,3000,0
20000,1,2,2,25,2,2,2,2,2,0,15522,16469,15907,17140,16724,18438,1500,0,1500,0,2000,1500,0
60000,2,2,1,41,0,0,0,0,0,0,60255,58374,48442,53444,27705,28291,2000,2500,1000,2400,1200,2000,0
50000,1,2,1,32,0,0,0,0,0,0,46253,46117,46919,17459,17825,18193,1998,3000,625,647,664,649,0
160000,2,2,1,31,-2,-2,-2,-2,-2,-2,11648,780,0,5100,0,0,780,0,5100,0,0,0,0
160000,2,4,1,39,1,-2,-2,-2,-2,-2,-18,-18,-18,-18,-18,-18,0,0,0,0,0,0,0
30000,2,3,1,28,0,0,0,0,2,0,23176,23182,19083,19632,15252,14021,2867,2000,2000,0,1500,1353,0
210000,2,1,1,38,-2,-2,-2,-2,-2,-2,-81,-81,-81,-81,-81,-81,0,0,0,0,0,0,0
150000,2,1,2,24,1,-1,-1,-1,-1,2,-200,200,200,200,550,550,600,200,200,550,200,0,0
80000,2,2,2,36,0,0,2,2,2,2,47502,50423,49311,52584,53589,54748,4000,0,4100,2000,2200,2200,0
320000,2,1,2,32,2,0,0,0,0,0,313383,313136,317847,313990,312070,319672,12937,13036,10072,9600,11056,9964,0
30000,1,1,2,30,0,0,0,0,0,0,29965,28841,28278,28770,29432,28949,2000,1700,2008,2000,7600,2000,0
360000,1,1,2,35,-2,-2,-2,-2,-2,-2,1533,-12,2493,-6,1299,-2,24,2505,0,1305,0,0,1
120000,2,1,2,29,-1,-1,-1,-1,-1,-1,380,380,380,380,380,380,380,380,380,380,380,2880,0
50000,2,2,1,42,0,0,0,0,0,0,41077,42072,43414,44126,45004,46100,1681,2023,1735,1613,1823,2053,0
60000,2,3,1,31,0,0,0,0,0,0,27347,22915,22243,20938,22486,21394,5000,7243,5000,5000,5394,16000,0
120000,1,3,1,40,-1,-1,0,0,0,0,32161,64308,65015,66571,67632,57798,64308,3000,4000,4000,4000,4000,0
120000,2,2,2,28,0,0,0,0,-2,-2,48499,48684,6344,0,0,0,1621,1000,1326,0,0,0,0
90000,2,2,1,32,0,0,0,0,0,0,39664,24589,22677,20842,20545,20989,1657,1676,1554,805,846,651,0
170000,2,2,2,34,0,0,0,0,-1,0,85235,81462,59800,20650,127601,121774,5000,3400,3000,127601,4600,5100,0
360000,2,2,1,35,1,-2,-2,-1,-1,-1,0,0,0,3602,1197,0,0,0,3602,1197,0,474,0
160000,2,2,1,38,-1,-1,-1,-1,-1,-1,6000,6000,6228,6000,6000,6000,6000,6228,6000,6000,6000,6000,0
90000,1,2,2,35,-1,-1,3,2,-1,-1,941,3008,1882,941,266,-675,3008,200,0,266,0,3264,1
60000,1,3,1,34,0,0,0,0,0,0,43293,28305,22298,22161,18667,19381,1368,1396,1287,654,1000,644,0
130000,2,3,2,39,1,2,2,2,0,-1,4867,3189,4634,2946,1473,780,0,2946,0,0,780,0,0
20000,1,2,2,25,0,0,0,0,0,0,19791,19591,15788,14911,11699,12224,1917,1000,1000,1000,1068,0,1
10000,2,2,2,22,1,-2,-2,-2,-2,-2,0,0,0,-400,0,0,0,0,0,400,0,0,0
30000,2,2,1,24,2,2,2,2,2,2,150,150,150,150,150,300,0,0,0,0,150,0,0
50000,2,2,2,24,2,2,2,2,2,2,49397,50388,51450,47867,51045,51118,2100,2200,0,4300,2100,0,0
80000,2,2,1,47,0,0,-1,-1,-2,-2,4762,3235,1970,0,0,0,1000,1970,0,0,0,0,0
280000,2,2,1,30,0,0,0,0,0,0,71770,74066,75907,77723,79550,81801,4000,3000,3000,3000,3500,4000,1
120000,1,1,2,26,-1,-1,-2,-1,-1,-2,884,0,0,10446,0,0,0,0,10446,0,0,0,0
20000,2,2,2,25,0,0,0,0,0,0,15389,16397,17195,17499,16236,10400,1270,1341,1160,556,600,0,1
130000,2,1,1,46,0,0,0,0,0,0,147582,138996,140558,90522,90917,92330,5394,4229,3211,3297,3312,3381,1
10000,1,3,2,22,1,4,3,2,2,2,8357,8085,7817,7545,8268,7993,0,0,0,1000,0,750,1
50000,1,3,1,50,2,0,0,0,0,0,48607,49540,49583,19695,20004,19904,2100,1500,1000,1000,1000,700,0
20000,1,2,2,40,-1,-1,0,0,0,0,1261,11839,9610,7004,10614,10433,11839,1266,1000,5000,209,0,0
80000,1,2,3,58,0,0,0,-2,-2,-2,3719,4444,0,0,0,0,1000,0,0,0,0,0,0
420000,2,1,2,33,-2,-2,-2,-2,-2,-2,6135,-2314,-3859,172,3859,8274,51,0,4031,3859,5000,0,1
50000,2,2,2,27,0,0,0,0,0,0,20762,22382,21343,14850,12315,10391,2000,1622,2013,500,500,500,0
350000,2,1,1,41,-2,-2,-2,-2,-2,-2,5037,14994,3101,17321,-22,4443,15069,3116,17414,0,4465,9434,0
100000,2,1,2,30,1,2,0,0,0,0,105033,102513,100693,71253,70206,71060,0,3509,3047,3500,3000,2500,0
360000,2,3,2,29,-2,-2,-2,-2,-2,-2,3307,0,0,0,0,1131,0,0,0,0,1131,3409,0
180000,1,2,1,37,-2,-2,-2,-2,-2,-2,0,0,621,3762,0,0,0,621,3762,0,0,0,0
80000,2,1,1,33,0,0,0,0,0,0,65484,66798,68120,70088,71345,72314,3000,3000,3109,3000,3000,3000,0
660000,1,1,2,55,-1,0,0,0,0,-2,284334,288120,325889,342408,19903,20843,6486,38507,20000,2000,1000,345,0
30000,2,2,1,22,2,0,0,0,0,0,26846,27718,28067,28334,28984,14769,2000,1500,1000,800,728,1000,1
60000,2,3,1,45,0,0,0,0,0,0,62396,36034,30534,28442,24544,24998,1500,1500,1404,1100,1000,1000,0
200000,1,3,2,27,-1,-1,0,0,0,0,4484,192047,191248,191678,182676,181568,195316,7019,7493,5275,5786,20031,0
200000,2,5,1,25,0,0,0,0,0,0,149886,140541,96253,76131,37282,24421,5388,3300,2124,912,1000,10847,1
180000,2,3,1,33,-1,0,0,0,0,-1,170126,171247,156803,159342,10400,20650,5950,7133,7369,600,20650,21650,0
20000,1,3,1,44,2,2,2,2,0,0,12436,12943,15428,14883,15494,16086,1000,2700,0,850,850,850,1
430000,1,3,1,36,0,0,0,0,0,0,35488,39897,48916,52021,27796,29340,5000,10000,4000,1500,2000,2000,0
50000,2,2,1,23,0,-1,0,0,0,0,14465,48796,50206,50831,42731,43224,50295,2500,2031,1274,1500,1600,0
200000,2,2,2,35,0,0,0,-1,-1,-1,6512,4312,0,2412,1396,0,2000,0,2412,1396,0,396,0
290000,2,1,2,35,0,0,0,0,0,0,190453,194303,197076,197488,196976,196579,8100,7000,8400,7000,7500,7500,0
120000,2,2,1,41,0,0,0,-1,2,0,14792,20084,0,6849,6598,16205,10000,0,6849,0,10000,2000,0
50000,2,2,1,52,-1,-1,-2,-2,-2,-1,600,972,0,0,0,6500,972,0,0,0,6500,1863,0
500000,2,1,1,33,-2,-2,-1,-1,-2,-1,125,-18088,1664089,121757,97115,377217,4366,1684259,121831,97670,379267,26759,0
660000,1,1,2,40,0,0,0,0,2,0,142417,122122,104284,113345,111423,119349,6500,6000,15000,0,10000,6000,0
120000,2,2,1,34,1,-2,-2,-2,-2,-2,0,0,0,0,0,0,0,0,0,0,0,0,0
230000,2,2,2,40,0,0,-1,-1,-1,-1,164208,161207,1665,1228,8599,3890,7105,1762,1228,8599,3890,6999,0
130000,2,2,1,43,0,0,0,0,0,0,135390,134974,132242,122832,55232,78266,6329,5472,5701,2211,38663,2350,0
130000,1,2,2,28,2,2,2,2,0,0,132968,134505,135624,129959,93360,90040,6700,6200,0,3500,3238,3216,0
210000,2,2,2,30,0,0,0,0,0,0,215842,220042,214545,215635,163741,162253,9500,9100,9900,6100,6100,6300,0
30000,2,2,1,39,-1,-1,-1,-1,-1,-1,223,223,223,223,223,675,223,223,223,223,675,10473,1
50000,2,2,1,44,0,0,0,0,0,0,45578,41906,35703,22360,23659,27421,3016,5003,3000,3000,5000,924,0
130000,2,2,2,29,2,2,0,0,0,-1,172094,156589,145398,136115,138893,127502,0,3300,2500,2778,130000,3689,0
20000,1,3,2,49,3,2,2,2,0,0,16066,15516,18047,17326,17326,17680,0,3100,0,400,354,2000,0
110000,2,2,2,34,0,0,2,0,0,0,10827,11657,8428,9440,11863,10620,2500,0,1200,4000,500,500,0
150000,2,2,2,42,-1,-1,-1,-2,-1,-1,2800,67568,0,0,6674,0,67568,0,0,6674,0,0,0
50000,2,2,1,34,2,0,0,2,2,0,62643,59851,65545,62672,57755,55512,2151,10000,2100,0,2000,1861,1
120000,1,2,2,25,0,0,0,0,0,0,120633,118741,104754,79227,77751,69889,4622,3384,2589,3000,2460,1300,0
80000,1,3,2,44,2,0,0,0,-2,-2,78950,79788,70319,0,0,0,2815,1858,0,0,0,0,1
50000,1,2,2,44,0,0,0,0,0,0,47505,48471,44301,19052,17569,17976,2100,2100,800,1000,700,818,1
110000,2,3,0,31,0,0,0,0,0,0,89989,84229,79288,73315,63818,63208,4000,5000,3000,3000,3000,8954,0
230000,1,2,2,46,1,-1,-1,-1,-1,-1,378,907,1599,378,756,0,907,1599,378,756,0,754,0
50000,1,2,2,25,0,0,0,0,0,0,47809,49040,29662,28360,28831,29487,2141,1763,1161,1077,1167,1004,0
130000,1,2,1,39,0,-1,-1,-1,-1,-1,10896,390,390,390,390,390,390,390,390,390,390,390,0
160000,1,1,2,37,-1,2,-1,-1,0,-1,17723,497,1100,652,326,5654,0,1100,652,0,5654,0,1
20000,2,2,1,45,0,0,2,0,0,0,25102,27906,26153,26745,26359,25974,3550,0,2400,1000,1000,8000,1
320000,2,2,1,35,-1,0,0,0,0,0,177391,182132,101849,92474,95279,77536,8200,4364,18000,4000,2576,5000,0
20000,2,2,2,22,0,0,2,2,2,2,15169,17793,17207,20409,20844,20349,2874,0,3490,900,0,361,0
210000,2,1,2,30,1,-2,-2,-2,-1,-1,0,0,0,0,49525,0,0,0,0,49525,0,0,1
290000,2,3,1,46,-1,-1,-1,-1,-1,-1,30365,32571,36918,37063,11566,32057,32575,36982,37063,11566,32057,1501,0
30000,1,1,1,42,1,2,2,2,0,0,20214,19596,21972,21321,21897,22395,0,3005,0,930,1000,2000,1
180000,2,1,2,33,1,-1,-1,-1,-2,-1,0,4163,7683,0,0,9500,4163,7683,200,0,9500,0,0
50000,2,3,1,50,2,0,0,0,2,0,48381,47810,48123,51060,50162,48209,2200,2100,4000,0,2000,2000,1
200000,1,2,1,28,3,2,2,7,7,7,2443,2443,2443,2443,2443,2443,0,0,0,0,0,0,1
320000,1,2,2,28,0,0,0,0,0,-1,11639,7508,5591,2371,4754,4932,2552,2016,0,12,5036,10306,0
50000,1,1,2,57,0,0,0,0,0,0,51102,50484,49175,21944,20142,18728,2500,2158,927,696,1000,374,0
50000,1,2,2,32,1,2,2,0,0,0,48793,50194,49101,47549,48817,45928,2500,0,1800,2000,2000,2000,1
450000,2,2,1,41,0,-1,0,-1,-1,-1,104624,28114,19758,12518,18328,14879,28114,1424,12518,18328,14879,34744,0
230000,1,1,1,35,-1,-1,-2,-2,-2,-2,3454,0,0,0,0,0,0,0,0,0,0,0,1
500000,1,1,1,35,2,0,0,-1,0,0,510367,473584,167682,501496,508213,496801,24913,5872,508229,18089,14070,15009,1
200000,2,2,1,39,0,0,2,0,0,0,151955,158956,149765,131741,134488,137240,9201,5000,4500,4600,4700,5319,1
180000,2,2,2,42,2,2,2,2,2,2,50420,51818,52372,52917,54123,55176,2500,2000,2000,2200,2100,2200,1
50000,2,2,1,34,0,0,0,-1,-1,2,10745,8473,4390,19206,20486,15252,1200,1000,19206,1500,0,345,0
250000,2,3,2,47,-2,-2,-2,-2,-2,-2,7363,27415,0,1930,1643,1687,27474,0,1930,1643,1687,0,0
90000,2,2,3,40,1,2,0,0,0,2,89762,90395,87428,61778,68248,66997,3000,2773,2402,7660,0,2711,0
70000,2,2,2,46,0,0,0,0,0,0,86919,83200,80389,75854,33563,34563,3000,3815,3064,1000,1000,34000,1
480000,1,1,1,63,0,0,0,2,2,0,422069,431342,479432,487066,471145,469961,16078,55693,17000,0,18000,24200,0
60000,2,2,1,39,1,-2,-2,-2,-2,-2,0,0,0,0,0,0,0,0,0,0,0,0,0
50000,1,2,1,44,0,0,-1,-1,-2,-2,3201,0,5701,0,0,0,0,5701,0,0,0,0,1
140000,1,2,2,27,0,0,0,0,0,0,24050,68059,62503,61129,59089,58160,50000,3000,4000,5000,4000,2000,0
160000,2,2,2,27,1,-2,-2,-2,-2,-2,0,0,0,980,0,0,0,0,980,0,0,0,0
50000,2,1,1,35,1,2,2,2,0,0,47438,46400,49276,48286,47915,48386,0,3700,0,2000,6000,0,0
260000,2,3,1,44,0,0,0,0,0,0,259346,234428,176632,129022,131447,135699,9428,6729,5022,4447,5699,5498,1
130000,2,2,2,24,0,0,0,0,-1,-1,12163,21895,18885,19057,2511,10358,10095,7005,6013,2511,10358,5000,0
200000,2,1,1,38,-1,-1,2,2,2,-1,1779,1354,250,7250,2639,10207,1354,0,7000,0,10500,3500,0
30000,1,3,1,49,2,2,2,2,2,2,26343,27127,26393,29646,30390,29755,1500,0,3712,1363,0,1141,0
60000,2,2,1,29,2,2,2,2,2,2,56252,57760,58250,56352,57930,16563,3000,2100,0,2801,0,3619,1
50000,2,1,2,23,0,0,0,0,0,0,50933,50906,48560,49826,34318,19884,2400,2500,2608,700,3381,0,0
150000,2,2,1,40,0,-1,-1,-1,0,0,6369,5215,4090,51893,52033,51188,5215,4090,51893,2000,3000,2202,0
160000,2,2,1,52,-1,-1,2,-1,-1,-1,465,10451,9385,2260,1313,947,10451,0,4560,2626,1894,7428,0
170000,2,3,1,42,-1,-1,-1,-1,-1,-1,552,552,552,552,552,0,552,552,552,552,0,33290,0
130000,2,2,2,23,-1,-1,-2,-2,-2,-2,69,0,0,0,0,0,0,0,0,0,0,0,0
150000,2,2,1,47,-2,-2,-2,-2,-2,-2,0,0,0,0,0,0,0,0,0,0,0,0,0
350000,2,1,1,36,0,0,0,0,0,0,352032,353903,351888,351175,352835,354265,13068,14412,12947,13016,12823,12915,0
80000,2,2,1,26,2,2,2,2,2,2,27458,28522,27770,29396,29974,30529,1800,0,2400,1200,1200,1200,1
230000,2,1,1,37,-1,-1,0,0,0,0,400,20123,20590,20029,17198,5177,20123,1256,1000,1000,500,801,0
200000,2,2,1,28,-1,-1,-1,-1,-1,-1,3099,3174,0,3239,0,500,3174,0,3239,0,500,0,0
240000,1,1,1,46,-2,-2,-2,-2,-2,-2,7278,800,437,11624,9411,-3316,804,437,11705,9473,1405,164705,0
30000,2,2,1,25,0,0,0,0,0,0,28848,27932,27474,28351,26389,26992,2000,1524,1401,917,1000,2000,0
240000,2,1,2,29,-2,-2,-2,-2,-2,-2,28438,29923,7655,23918,265852,2225,29923,7655,23925,265852,2225,13478,0
200000,1,2,1,47,-1,-1,0,0,0,0,42114,227075,217016,200316,169815,88071,235728,10000,5210,4009,3186,55152,1
200000,1,2,2,44,-1,-1,-1,0,-1,-1,541,541,1082,541,541,541,541,1082,0,541,541,541,0
320000,2,2,2,36,0,0,0,0,0,0,262613,164486,169691,188527,145676,135254,10043,15005,21640,5004,11628,20020,0
180000,1,1,2,28,0,-1,-1,0,-1,-1,9796,500,3866,6019,7602,7622,500,3866,3300,7602,7622,0,0
340000,2,2,2,27,-1,-1,-1,-1,-1,-1,24583,1954,11271,6559,1924,10057,1964,11337,6591,1933,10072,33,0
30000,2,3,1,46,1,2,2,2,2,2,12289,11806,13268,12758,13549,14673,0,1970,0,1000,1500,0,0
50000,2,3,1,26,0,0,0,0,0,-2,47095,48085,49039,49662,0,0,2073,2027,1650,0,0,0,0
360000,2,1,2,36,0,0,0,0,0,2,308711,305594,306176,304645,315118,315782,11000,13000,11019,23000,13300,3,0
140000,2,2,1,40,0,0,0,0,0,0,98221,97548,98457,102811,104605,106917,3600,5000,6000,5000,4000,10000,0
380000,2,1,2,32,-1,0,0,0,0,0,91806,100291,108245,109006,117195,121246,10000,10000,10000,10001,6000,38000,0
60000,2,1,1,43,-1,3,2,0,0,-1,495,330,495,330,165,340,0,330,0,0,340,0,0
220000,2,1,1,43,0,0,2,-1,0,-1,6873,4911,2080,2080,4160,2080,2230,0,2080,2080,2080,4160,0
440000,2,3,2,36,0,-1,-1,-1,0,0,7887,2516,5252,13192,29029,27812,2516,5252,13192,20000,1179,623,0
20000,1,2,2,48,0,0,0,2,0,0,7186,9063,10909,10440,10803,11330,2000,2000,0,680,1000,0,1
150000,2,3,1,28,0,0,0,0,0,0,146325,140902,131798,115350,105770,111850,5125,10104,10017,4000,15000,8000,0
250000,2,1,1,45,0,0,0,0,0,0,214000,90010,78886,79845,79323,77788,3188,3282,2698,2752,2843,2511,0
220000,1,1,1,39,0,0,0,0,0,0,75190,151004,152786,137946,118310,119147,100000,8000,6000,5000,5000,5000,0
340000,2,1,2,35,-2,-2,-2,-2,-2,-2,732,1604,-1294,12797,890,2313,1618,27,20072,903,2313,156590,0
340000,2,2,1,46,-2,-2,-2,-2,-2,-2,0,0,0,0,0,0,0,0,0,0,0,0,0
140000,1,2,1,29,-1,-1,-1,0,0,-2,3300,1300,3074,594,0,0,1300,3668,0,0,0,0,1
230000,2,1,2,30,-1,-1,-1,-1,-1,-1,1432,1094,665,582,472,746,1094,665,582,472,746,633,0
280000,1,2,2,32,0,0,0,0,0,0,35038,36558,39070,40545,42995,46278,2000,3000,2000,3000,4000,7200,0
30000,2,2,1,31,0,0,0,0,0,0,28405,29639,30246,23774,24384,15855,4000,1555,631,769,317,0,1
20000,1,1,2,25,2,2,4,4,3,2,2902,6888,7638,7388,6991,33327,4200,1000,0,0,27150,900,1
210000,2,2,1,26,0,0,0,0,0,0,207033,202432,142119,99699,17718,150758,9000,5500,3600,1000,135000,5314,0
10000,1,2,2,27,-1,0,0,0,0,0,5002,6014,7111,8120,9120,0,1103,1200,1200,1000,0,0,0
30000,1,2,2,38,0,0,0,0,0,0,20996,25607,26813,25868,25418,27572,5000,2000,1089,3000,5000,0,1
50000,1,1,2,29,1,2,2,2,2,2,14497,13975,25731,26112,26548,25970,0,12000,1100,1000,0,2500,0
180000,1,1,1,39,0,0,0,-1,0,0,257579,274731,281713,242063,122295,-1005,20000,11000,145000,26000,0,101005,0
30000,2,1,2,45,1,2,-1,-1,-1,-1,5830,1330,909,390,29570,940,0,909,390,29570,940,3482,0
180000,1,1,2,28,0,0,0,0,0,0,26730,27757,28178,29055,59849,29840,1800,1500,2000,1400,1100,1400,0
50000,1,1,2,38,0,0,0,0,0,0,27148,27619,20997,21018,20556,20302,1655,1323,734,1058,406,0,0
30000,2,2,2,39,0,0,0,2,0,0,28144,27470,30698,28981,27673,27826,2000,4000,0,1000,1000,0,0
110000,2,2,1,26,2,2,2,2,2,2,85814,91999,91803,94376,96409,98072,8500,2200,5000,3700,3400,4000,1
280000,2,1,1,51,-1,-1,-1,-1,-1,-1,11223,15225,4951,2408,8360,6202,15262,4951,2408,8360,6202,200,0
490000,2,2,2,28,0,0,0,0,0,0,128821,93626,52074,118595,93461,86682,3047,2647,88595,3203,3142,3166,0
150000,1,1,2,27,0,0,0,0,0,0,86009,86108,89006,89775,87725,40788,4031,10006,3266,4040,1698,800,0
250000,1,2,2,38,-1,-1,-1,-1,-1,-1,2395,29636,23850,8220,0,8420,29658,23938,8220,0,8420,0,0
200000,2,2,2,29,-1,-1,-1,-1,-1,-1,779,860,496,2755,2048,2318,860,496,2763,2048,2318,3311,0
440000,1,2,2,42,0,0,0,0,0,0,64786,45923,47256,50727,50064,59017,5000,3000,5000,5000,10000,8000,0
210000,2,2,1,34,0,0,0,0,0,0,205475,206616,212391,208931,146005,145343,9500,9207,8500,5200,5200,5000,0
260000,1,2,2,32,-1,-1,-1,-1,-1,-1,1198,1198,1198,1198,1198,1198,1198,1198,1198,1198,1198,1198,1
310000,2,2,1,46,0,0,0,0,0,0,43990,45872,47135,46944,49121,51337,3000,3000,2000,3000,3000,1000,0
500000,1,1,1,53,-2,-2,-2,-2,-2,-2,13331,13307,15734,-101,27145,1479,13941,16392,470,27916,1994,12670,0
20000,1,3,2,24,1,3,2,0,0,3,14665,14146,13634,14401,16257,15713,0,0,1300,2101,0,0,1
240000,2,1,1,40,1,-1,-1,-1,-1,-1,0,9965,4100,4100,4100,4100,9965,4100,4100,4100,4100,4732,0
340000,1,1,1,52,-2,-2,-2,-2,-2,-2,30832,33652,35192,30000,10766,33887,33670,35212,30000,10766,33905,30200,1
400000,1,1,1,34,-2,-2,-2,-2,-2,-2,0,0,0,0,0,0,0,0,0,0,0,0,0
80000,2,3,1,37,1,2,2,0,0,0,99396,100495,97982,100261,102147,91829,3560,0,3912,3832,3508,2800,1
430000,2,1,2,36,0,0,0,0,0,0,258212,232225,237297,240682,245337,242481,10500,10300,9000,8541,9054,8543,1
460000,1,1,1,49,0,0,0,0,0,0,293429,295998,295807,291616,289529,289449,13200,14000,11500,10500,10500,10000,0
20000,2,2,2,31,0,0,-1,-1,-1,-2,5526,5561,2935,5909,0,0,1032,2938,6039,0,0,0,0
100000,2,2,1,28,0,0,0,0,0,0,95251,98226,98295,100406,100430,101392,5401,3576,3754,3806,3796,4000,0
20000,2,1,2,27,0,0,0,0,-1,-1,14088,8842,6653,2946,1186,416,1111,1009,7,1190,416,831,0
130000,2,3,1,36,0,0,2,2,2,2,23997,26733,26942,26210,27982,27383,3440,941,0,2197,0,910,1
20000,2,3,1,43,1,-2,-2,-2,-2,-2,0,0,0,0,0,0,0,0,0,0,0,0,1
50000,1,1,1,37,0,0,0,-2,-2,-2,29294,30400,0,0,0,0,2000,500,0,0,0,0,0
640000,2,1,2,41,0,0,0,0,0,0,55645,56656,60185,59218,58963,58992,3000,5000,2300,2128,2125,2222,0
40000,2,2,2,24,0,0,0,0,0,0,38221,34975,19606,21272,22923,24539,3107,3000,2000,2000,2000,0,1
260000,2,2,1,48,0,0,0,0,0,0,85378,71870,72994,57382,58522,59748,2664,2376,2084,2095,2169,2182,0
50000,2,1,2,23,0,0,0,0,0,0,33959,35409,36120,36991,37744,39115,2000,1601,1472,1500,2000,5000,0
230000,1,2,2,39,-1,-1,-1,-1,-1,-1,326,326,326,326,326,326,652,326,326,326,326,326,0
180000,2,3,2,30,0,0,0,0,0,0,163935,153152,147032,122196,103692,70204,7722,6091,3563,3605,3000,3211,0
160000,1,2,2,27,-2,-2,-2,-2,-2,-2,2161,1672,2579,2313,2287,3442,1681,2717,2324,2298,3462,2637,0
160000,2,2,1,25,0,0,0,0,0,0,116744,94894,97589,78487,78592,81326,4000,4500,3000,3000,4000,5000,0
180000,2,2,1,46,0,0,0,0,0,0,171768,164274,165923,169038,172388,165165,7400,6100,6200,6543,6251,14614,0
110000,2,2,2,28,0,0,0,-1,-1,-1,10048,8311,3404,407,1250,88628,2000,3000,410,1250,89035,3491,0
10000,1,2,2,23,0,0,0,0,0,0,4304,5324,6509,7313,6469,6988,1100,1279,1083,500,1000,1000,0
420000,1,1,1,32,1,-2,-2,-2,-1,-1,8120,2205,-94,6300,1047,67631,1011,0,6394,1047,67643,2005,0
280000,2,1,2,32,-2,-2,-2,-2,-2,-2,5855,13645,9127,9656,41434,21732,13713,9171,9705,41641,21838,5659,0
80000,2,1,2,24,-1,0,0,0,0,0,75356,78236,77700,58025,59527,60778,5000,4176,4000,3000,2141,3000,0
50000,1,2,2,36,0,0,2,2,-2,-2,46712,50932,49400,0,0,0,5000,0,2000,0,0,0,0
80000,2,3,1,29,0,0,0,0,0,0,15008,17434,19145,21807,24442,27038,3000,2000,3000,3000,3000,1000,0
100000,2,1,2,38,2,2,2,2,2,2,37566,37160,39750,40298,40835,41529,500,3500,1500,1500,1500,2000,1
200000,2,1,2,31,-1,2,2,-2,-2,-2,2500,2500,0,0,0,0,0,0,0,0,0,0,1
20000,2,1,2,23,0,0,2,0,0,0,11672,8584,8279,8444,8621,8868,2424,0,284,294,371,500,0
290000,2,1,1,39,-2,-2,-2,-2,-2,-2,79298,-40,122380,0,32720,-200,0,122420,0,32720,200,0,0
50000,2,3,1,48,0,0,0,0,0,0,47945,35712,23177,8550,6373,5848,4100,1150,1200,1000,1000,1500,0
240000,1,2,2,29,-1,-1,-1,-1,-1,-2,390,0,390,780,0,0,0,780,780,0,0,0,0
20000,1,2,1,33,1,2,0,0,3,2,18139,17559,18662,21345,20721,20836,0,1400,3000,0,600,0,1
260000,1,3,2,43,0,0,0,0,0,0,154386,151549,158888,144169,151679,143995,10000,10000,10000,10000,8000,10000,0
690000,2,3,2,34,0,0,0,0,0,-1,390757,397292,390166,360568,331674,160287,14724,19118,7415,20348,160671,91323,0
320000,1,1,1,40,1,-1,-1,-1,-1,-1,14,1200,2987,-13,2670,-4,1205,3002,0,2683,0,0,0
360000,2,1,1,27,1,-2,-1,-1,0,0,0,0,9000,3002,3063,3063,0,9000,3002,61,0,0,0
280000,2,2,2,25,0,0,0,0,0,0,196909,176261,174573,174488,172747,126494,6285,5897,5895,7747,6509,11234,0
210000,2,1,1,36,1,-1,-1,-1,-1,-1,0,1690,0,5619,4090,581,1690,0,5619,4090,581,0,0
50000,1,2,2,35,0,0,0,0,-1,-1,14536,10827,9594,7309,1277,3310,2000,2000,2000,1277,3294,0,0
140000,2,2,1,36,-1,-1,-1,-1,0,-1,165,341,165,1031,487,863,341,165,1031,0,863,487,1
290000,1,1,1,40,0,0,0,0,0,0,97193,98441,95169,93718,89712,82809,6000,4000,4250,5000,3241,3500,0
200000,2,2,1,37,-2,-2,-2,-2,-2,-2,4157,601,432,1602,3017,937,606,432,1602,3017,937,1275,0
100000,1,5,1,38,0,0,0,0,0,0,101330,100278,100733,96038,94646,96631,3824,4311,3648,3370,3492,3614,0
30000,2,3,1,31,3,2,2,2,2,2,23368,24688,24988,24288,26098,25530,2000,1000,0,2200,0,1100,1
20000,2,2,2,26,0,0,0,0,0,0,16976,17687,18894,19693,19894,3473,1300,1500,1250,451,160,69,0
30000,1,1,2,28,1,-2,-1,-1,-1,-2,0,0,1310,816,0,0,0,1310,816,0,0,0,0
40000,1,1,2,24,0,0,0,0,0,0,30096,30819,13816,10291,7441,7435,1300,2013,319,415,266,277,1
90000,2,5,2,24,0,0,0,0,0,-1,17584,18377,18496,11716,3163,30483,2000,1300,2000,67,30483,2905,0
50000,1,2,2,23,0,0,0,0,0,2,16252,17275,18392,19170,20555,20102,1600,1700,1400,1689,0,900,0
330000,2,1,1,36,-1,-1,-1,-1,-1,-1,399,26,519,452,457,0,26,707,452,457,0,0,0
50000,1,2,1,41,0,0,0,0,0,0,19339,20424,20086,18600,19153,19289,1703,1306,810,1000,900,900,0
80000,2,1,2,25,3,2,2,2,2,2,45031,47087,48833,47750,50950,51984,3100,2800,0,4000,2000,2000,1
220000,2,2,1,29,0,0,0,0,0,0,142818,141540,131810,118866,115256,97161,5042,5042,3687,3660,3528,3314,0
80000,2,2,1,37,-1,0,0,2,2,2,28652,29869,33071,33531,34184,33503,2000,4000,1300,1500,0,1300,0
150000,2,1,2,40,-1,-1,-1,-2,-1,-1,800,2400,0,0,1000,0,2400,0,0,1000,0,0,0
190000,1,2,1,49,-1,-1,-1,-1,-1,0,435,435,635,2084,161110,149941,435,635,2084,161110,5800,4138,0
100000,2,2,1,40,2,2,2,2,2,2,44421,45504,46157,46900,47999,49057,2100,1700,1800,2000,2000,2000,1
150000,2,1,2,29,0,0,0,0,2,2,110018,47600,26219,17705,17920,17494,2400,1619,2550,800,0,700,0
100000,2,1,2,29,3,2,0,0,2,0,87791,85548,85391,50605,49666,50689,0,2500,5864,0,2000,2000,1
240000,2,2,1,27,0,0,0,0,0,0,240428,235782,129479,125584,128752,130651,7227,4486,3557,4235,3593,349,0
80000,2,2,1,29,2,0,0,0,0,0,80100,79368,81130,49407,49067,50234,3500,3700,1800,1900,3000,2000,0
500000,1,1,1,64,-2,-2,-2,-2,-2,-2,0,0,0,0,0,0,0,0,0,0,0,1063,1
50000,1,2,2,24,0,0,0,0,0,0,19267,23553,21507,17827,7655,7881,5000,1700,2000,500,500,500,0
30000,2,1,2,29,0,0,0,0,2,0,15982,12226,13565,15526,14979,15735,2226,1539,2500,0,1000,1000,0
20000,2,2,1,42,2,0,0,0,0,0,15552,16560,17278,18289,18653,19195,1575,1293,1304,668,843,853,1
50000,2,2,1,56,0,0,0,0,0,0,50586,46993,33136,34475,19666,19128,2000,2000,2000,1000,1259,1000,0
170000,2,1,2,49,0,0,0,0,0,0,163951,136825,140450,116293,118759,108766,5100,6000,4000,4000,3200,2200,0
30000,2,2,1,43,-1,0,0,0,0,0,25166,26195,27209,27924,30204,30000,1437,1451,1166,2900,600,0,0
360000,1,1,2,34,2,2,-2,-2,-2,-2,2500,0,0,0,0,0,0,0,0,0,0,0,0
50000,2,2,1,38,0,0,0,2,0,0,5764,6786,9095,8803,8975,9008,1278,2587,0,467,326,329,0
50000,2,1,2,23,1,2,0,0,0,0,10393,9895,10726,10863,11200,11272,0,1500,800,700,600,600,0
500000,2,1,1,33,-1,-1,-1,0,0,-1,3994,7222,33823,130689,77736,151,8022,34000,100028,0,151,2682,0
360000,1,1,1,38,-1,-1,-1,-1,-1,-2,475,-25,4993,498,-2,-2,0,5018,505,0,0,553,0
30000,1,2,1,44,1,2,2,0,0,0,12351,13068,12568,13880,13849,14816,1216,0,1528,497,1192,0,0
110000,2,1,2,35,0,0,2,2,0,0,32691,36344,36055,36163,37028,38250,4500,600,1000,1600,2000,2000,0
150000,1,2,1,33,0,0,2,2,2,2,87721,87396,79424,76350,79721,77028,7200,3000,0,6000,0,3000,0
30000,1,2,2,22,0,0,0,0,0,0,4921,3810,3890,2199,2209,1429,1500,2000,2000,400,0,500,1
420000,2,1,1,39,0,0,0,0,0,0,304964,312224,315822,275393,278745,244543,14000,11230,10000,8091,6965,6362,0
380000,2,3,1,46,1,-2,-1,-1,-1,-1,0,0,224,4034,0,2062,0,224,4034,0,2062,0,0
170000,1,3,1,48,0,0,0,0,0,0,170845,171762,170464,127364,127024,125341,6800,7790,4587,4675,4525,4497,0
220000,2,2,1,44,2,2,0,0,0,0,195375,185993,184568,168683,158742,161499,10,8304,7356,5300,5550,5050,0
80000,2,1,2,26,0,0,0,0,0,0,124224,124762,125778,128293,127839,128714,4574,4737,5753,5000,4330,4341,0
180000,2,1,2,35,-1,3,2,0,-1,2,1880,1702,1196,870,3028,2508,0,0,0,3028,0,326,0
200000,2,3,2,50,-1,-1,-1,-1,-1,-1,3943,1443,2203,2189,5475,5506,1443,2583,2189,5475,5506,15837,0
280000,2,2,2,27,1,2,0,0,0,0,297192,284462,283374,238039,234017,145132,0,11143,7300,6024,6000,3500,0
110000,2,1,1,29,-1,-1,-1,-1,0,-1,3261,1380,1380,2760,1380,1700,1380,1380,2760,0,1700,0,0
200000,2,1,2,32,-2,-2,-2,-2,-2,-2,6890,11002,517,11212,19090,24949,11002,517,11214,19116,24949,10904,0
420000,2,2,1,37,0,0,0,-1,0,0,36032,41932,9778,158901,161876,165378,7022,1846,163862,6000,6000,6000,0
80000,1,2,2,26,1,2,0,0,0,-1,27897,24833,23331,21964,19664,2544,0,1527,1500,540,2544,2789,1
130000,1,2,2,32,0,0,-2,-2,-2,-2,27495,0,0,0,0,0,0,0,0,0,0,0,0
320000,1,1,1,40,0,0,0,0,0,0,247276,241167,238196,231580,229683,235837,10000,10000,10000,19000,13000,8000,0
50000,2,1,2,31,3,3,4,3,2,5,27166,30190,29421,28652,34032,32913,3769,0,0,6000,0,0,1
90000,1,1,2,29,0,0,0,0,0,0,72774,67584,57985,56268,55970,56825,2900,2700,2200,2100,2200,2200,0
280000,2,2,1,38,0,0,0,0,0,-1,8868,14766,16272,10496,6876,34574,10006,10018,7011,6000,37000,10000,0
130000,2,1,2,27,1,-1,0,-1,-1,0,0,1386,5275,198,3992,8893,1386,4000,198,3992,5000,40000,0
50000,2,2,2,27,0,0,0,0,0,0,162865,167086,169217,18056,18179,18563,5000,3703,1000,660,686,638,0
420000,1,3,2,32,-1,-1,0,-1,-1,-2,41104,6784,6346,1409,14107,8379,6887,2028,1413,14109,8452,1928,0
160000,2,1,2,23,0,0,0,0,0,-2,151246,155926,113767,50531,-10,-5,10517,20258,20157,0,0,3570,0
100000,1,1,2,27,0,0,0,0,0,0,14712,19142,37882,40882,45683,5765,5000,20000,3000,5000,2000,2000,0
240000,1,1,2,35,-2,-2,-2,-2,-1,-1,15432,10835,22134,32823,1897,5627,10851,22258,20076,2099,5827,0,0
20000,1,2,2,43,0,0,2,2,2,2,5909,8134,7859,9518,9216,10067,2500,0,1800,0,1000,0,0
130000,2,2,1,27,0,0,0,0,0,0,76885,79106,81231,81983,83773,85532,3500,4000,3000,3146,3260,3200,0
20000,1,2,2,39,0,0,0,0,0,0,13231,14306,15370,16411,16839,17267,1300,1300,1300,700,700,700,1
360000,1,2,1,39,0,0,0,0,0,-1,29814,22699,16866,13618,5000,8000,1333,2500,5000,2000,8000,5000,0
120000,2,2,2,26,-1,2,0,0,0,2,2682,1725,2682,3272,3455,3261,0,1000,1000,1000,0,2000,1
50000,2,3,1,45,1,2,0,0,0,0,49768,47191,49422,49586,30023,28373,0,3000,1500,5000,2000,2000,0
30000,1,3,2,52,1,2,0,0,0,0,18034,16604,16635,15413,14296,9090,6,1335,2000,0,0,939,0
280000,1,2,2,31,0,0,0,0,-1,0,229780,31275,32868,34292,173487,177195,2000,2100,2500,185957,6500,6100,0
500000,2,1,1,52,0,0,0,0,0,0,76701,71680,67260,76145,74831,111826,2540,3334,15012,2822,40025,20067,0
140000,1,1,2,32,0,0,0,0,0,0,101458,99196,78458,76387,76344,67302,3997,3520,2500,2689,2494,2498,0
130000,1,1,2,30,0,0,2,0,0,0,90864,104418,100455,38632,35826,36730,16000,0,1500,1395,1500,1511,0
230000,2,1,1,30,0,0,0,-1,0,0,30341,25981,24092,65840,56538,51522,5000,5000,65840,2000,2000,10000,0
30000,2,3,1,33,2,2,2,2,2,2,27126,29970,29192,31103,31771,30404,3600,0,2700,1300,0,1300,0
310000,1,2,1,37,-2,-2,-2,-2,-2,-2,1619,1443,1443,1443,1443,2886,1443,1443,1443,1443,2886,0,0
50000,2,2,2,27,1,2,2,2,2,2,11966,12967,13962,13440,14416,14043,1500,1500,0,1200,0,1500,0
220000,2,1,1,56,1,-2,-2,-2,-1,-1,0,0,0,0,5889,300,0,0,0,5889,300,165,0
50000,1,2,2,31,0,0,0,0,0,0,20526,15129,15093,9577,11139,12487,2000,3000,327,3000,3000,5000,1
110000,1,2,1,32,0,0,0,0,-2,-2,56573,26953,28190,-18,-18,-18,2000,2000,0,0,0,0,0
200000,2,1,2,31,-2,-2,-2,-2,-2,-2,7184,14845,1097,0,0,160,17507,1102,0,0,160,1103,0
20000,2,2,1,24,0,0,0,0,0,0,17191,18594,19489,20200,20000,0,2000,1500,1200,0,0,0,0
230000,1,1,2,28,-2,-1,-1,-1,-1,-1,23855,18298,1741,16594,18261,18333,18309,1741,33188,20000,19000,19319,0
10000,2,2,2,40,-2,-2,-2,-1,-1,-1,-4,-4,-4,26,326,-87,0,0,30,300,1000,2000,1
50000,1,3,2,26,0,0,0,-2,-2,-2,50419,40200,0,0,0,0,1000,0,0,0,0,0,1
100000,2,2,2,33,2,2,0,0,0,0,74763,73010,74198,74964,76655,78328,0,3000,2000,2000,2000,2000,0
260000,1,1,2,34,0,0,0,0,0,0,87281,96870,115398,146597,159844,145729,15000,20084,50029,20139,15147,12025,0
180000,2,2,2,25,0,0,0,0,0,0,141836,140792,144021,146539,149286,151900,5124,6000,5300,5500,5500,6000,0
120000,2,3,2,32,0,0,0,0,0,0,67876,69903,71446,79589,81354,83044,3120,3300,10000,3200,3200,10000,0
120000,2,3,2,50,-1,-1,-1,0,0,0,6574,1374,45802,53231,25888,27114,1374,45812,10000,900,3000,3000,0
320000,1,2,1,38,0,0,0,0,0,0,208207,9222,10244,11255,11478,11720,1154,1176,1187,410,426,428,0
100000,1,3,2,52,0,0,0,0,0,-1,73904,73249,12327,10793,5309,900,2781,2101,216,0,900,500,0
130000,2,2,1,43,-1,-1,-1,-1,-1,-1,2292,6776,2811,3589,11151,1543,6776,2811,3589,11351,1543,1109,0
20000,1,3,2,29,1,2,0,0,0,0,5957,4909,5865,17935,19353,20094,0,2000,13500,2500,2000,1500,1
50000,1,3,1,24,1,-2,-2,-2,-2,-2,0,0,0,0,0,0,0,0,0,0,0,0,0
30000,2,5,2,23,2,2,-1,-1,-1,-1,2826,2068,16952,15336,24336,436,0,16952,16104,14000,486,0,0
390000,2,2,2,33,0,0,0,0,0,0,45818,144656,148366,99008,69990,71935,100000,6000,3704,2741,3314,2556,0
220000,1,5,1,37,-2,-2,-1,-1,-1,0,44253,1966,6189,1850,6938,5034,1966,6203,1850,6938,101,2932,0
200000,2,2,1,28,-2,-2,-2,-2,-2,-2,34819,165,1850,1538,165,165,165,1850,1538,165,165,165,0
140000,2,2,1,48,0,-1,-1,-1,-1,-1,1154,1233,862,1355,1130,21361,1233,1075,1355,1130,21361,1347,0
100000,1,1,1,35,1,2,-1,-1,0,0,3515,2975,2342,12016,10203,5323,10,3141,12021,135,507,6,0
450000,2,1,1,69,-1,-1,-1,-1,-1,-1,2000,0,1173,0,6265,2374,0,1173,0,6265,2374,708,1
110000,1,2,1,38,2,2,2,0,0,2,96898,96071,93321,94034,99531,96614,4826,5,4000,7300,0,4000,1
50000,1,3,3,58,0,0,0,0,0,0,46199,47179,47445,17945,18165,18557,2023,1289,789,659,694,623,0
20000,2,2,2,34,-1,-1,-1,-1,-1,-1,780,0,390,390,390,12190,0,390,390,390,12190,780,0
50000,2,2,1,40,0,0,2,0,0,0,6732,9052,8763,9924,9967,10176,2441,0,1313,356,369,508,0
50000,2,2,1,23,0,0,0,0,0,0,37586,38866,19240,20256,20918,22081,2000,1322,1338,1000,1500,1000,1
120000,2,2,1,32,0,0,0,0,0,0,111441,113869,116110,111978,112822,114969,5596,5498,5500,4000,4300,5012,0
90000,2,1,2,26,0,0,0,0,0,0,17704,14478,17681,15240,19364,18828,5005,5145,1801,5024,8007,5046,0
260000,2,2,1,36,0,0,-1,0,-1,0,7258,7935,4979,3976,6623,24426,2037,4979,1019,6623,18119,1382,0
80000,2,2,2,25,0,0,2,2,2,2,26855,28789,31026,31401,31986,32468,2386,2998,1183,1400,1139,0,0
20000,2,2,1,59,3,2,3,2,2,4,8803,11137,10672,11201,12721,11946,2800,0,1000,2000,0,0,1
110000,2,3,2,28,0,0,2,2,0,0,85918,87442,82975,80446,80006,80421,4000,6000,12,3100,3200,3000,0
250000,2,2,1,29,2,2,2,0,0,2,128413,124320,108995,84196,95286,93613,5300,0,3100,12500,0,2100,1
260000,1,2,2,31,0,0,0,0,0,0,3113,3117,2924,2784,2413,902,1300,1100,1000,300,0,1261,0
20000,1,2,1,32,0,0,0,2,2,0,9622,10974,14963,15123,14741,15340,1511,4500,700,0,1000,1500,0
40000,2,3,1,59,0,0,0,0,0,2,14769,15271,15383,14548,16274,15650,1573,1512,504,2770,613,14,0
30000,2,3,2,39,0,0,0,0,0,0,28467,22308,48376,26013,27089,28161,2000,3000,3000,1500,1500,2280,0
500000,2,1,2,42,-1,-1,-1,2,-1,-1,30439,1844,844,614,2887,3850,1844,1000,0,3000,4000,6000,1
380000,2,2,1,30,-2,-2,-2,-2,-2,-2,3745,738,1175,576,576,-2,745,1180,578,578,0,580,0
250000,1,1,2,32,3,2,2,2,2,2,2500,2500,2500,2500,2500,2500,0,0,0,0,0,0,1
400000,2,1,2,33,-1,-1,-1,-1,-1,-1,7768,31313,8744,11640,41432,20075,31330,8853,11816,41432,20974,44135,0
240000,2,1,2,30,-1,-1,-1,-1,-1,-1,1749,1087,3503,1003,1003,1003,1099,6430,1003,1003,1003,203,0
80000,1,1,2,25,0,0,0,0,0,0,42444,55744,43476,41087,41951,31826,30000,3000,6000,8000,2000,14000,0
90000,2,1,2,25,-1,-1,2,-1,0,-1,3407,10839,4788,7370,1051,14014,10850,5,5042,0,14014,5812,0
50000,1,2,2,44,0,0,0,0,-1,-1,20995,21743,22300,4067,1290,0,3000,3007,1000,1290,0,0,0
500000,1,1,1,41,0,0,0,0,0,0,231887,122499,107198,98450,93828,92237,6115,4550,3533,3525,5034,4080,0
80000,2,3,2,28,-1,-1,-1,-2,-2,-2,4280,2800,0,0,0,0,2800,0,0,0,0,0,0
50000,2,2,1,50,0,0,0,0,0,0,32570,34713,39803,41790,44351,46194,3000,6000,3000,3500,3500,1600,0
250000,2,2,1,43,0,0,0,0,0,0,82650,81977,24585,16753,17113,17298,3503,1553,1000,1000,1000,1382,0
80000,2,2,1,36,-1,-1,-1,-1,-1,-1,1689,8638,5702,2980,1260,7868,8638,5723,2980,1260,7868,2198,0
40000,1,2,1,46,2,2,2,3,2,3,27324,30108,32515,31698,33581,32772,3573,3206,0,2700,0,0,1
240000,1,1,1,34,-1,-1,-1,-1,-1,0,228,23282,48595,37573,26296,15788,23295,49000,37573,26296,7000,46495,0
240000,1,2,2,26,0,0,0,0,0,0,24779,28630,29095,28883,28372,24033,5000,1700,1500,755,3000,120000,0
420000,1,2,1,24,0,0,0,0,0,0,392639,397332,376317,214062,164003,162836,16117,20516,7092,6019,4636,5570,0
170000,2,2,1,42,0,0,0,0,0,0,37772,38862,39914,40559,41953,42210,2000,2000,1610,2200,1600,1600,0
30000,2,3,2,50,0,0,2,0,0,0,17891,19087,20078,20935,17228,17606,1800,1600,1600,1000,734,481,0
230000,2,3,1,42,-1,-1,0,0,0,0,170,2217,5167,8552,12552,10596,2217,3167,3552,5000,3000,2518,0
10000,1,2,1,37,0,0,0,-1,-1,-1,8487,9003,0,390,4555,5165,2008,0,390,4555,1000,6810,0
240000,1,2,2,30,-2,-2,-1,-1,-1,-1,53812,2000,2396,4657,2452,2418,2010,2613,5076,2464,2428,4170,0
30000,2,2,1,38,0,0,0,0,0,0,23819,15367,10159,9859,8360,4101,1553,1033,381,384,404,1297,0
130000,2,2,2,25,1,2,0,0,0,0,52180,49874,52000,53590,54606,51033,0,5000,4000,3000,3500,13000,0
50000,2,2,2,25,3,2,0,0,0,0,66881,65115,51010,50342,36025,36778,0,2092,1460,1167,1209,1645,0
170000,2,2,2,29,0,0,-2,-2,-2,-2,5155,0,0,0,0,0,0,0,0,0,0,0,0
80000,2,1,2,25,-2,-2,-2,-1,-1,-1,1174,0,0,5526,3292,12792,0,0,5526,3292,12807,600,0
50000,1,3,1,49,0,0,0,0,-2,-2,18139,9198,10000,0,0,0,1198,1000,0,0,0,0,1
90000,2,1,1,29,0,0,0,0,0,0,45343,31228,29756,27751,20292,14937,2967,2007,1429,1092,412,263,0
210000,1,2,1,44,1,2,0,0,0,0,236136,220847,216703,206635,96240,88040,0,9400,5000,2000,1800,10000,0
410000,1,1,2,28,0,0,0,0,0,0,82735,90847,74122,72363,68703,66710,10000,6000,4000,5000,6000,3000,0
190000,2,1,1,36,-1,-1,-1,-1,0,0,6915,4923,-2,6381,6383,817,4923,0,6383,2,0,1809,0
230000,2,2,1,44,-2,-2,-2,-2,-1,0,14029,9035,11979,6667,11972,8654,9140,12039,6700,11988,22,8910,0
20000,1,2,2,39,2,2,2,0,0,0,19518,20202,19082,18890,19287,19751,1299,0,667,692,776,3730,1
70000,2,1,2,28,0,0,0,0,0,0,20335,21699,22460,20345,42123,19852,2000,1500,3000,721,1200,2000,0
20000,2,3,3,27,0,0,2,2,-1,-1,17973,20482,19693,11932,1280,0,2800,0,239,3380,0,0,0
140000,2,1,2,27,0,0,0,0,0,0,143536,141849,131491,94362,85863,83974,5341,4000,3500,3000,13000,2300,0
340000,2,1,2,36,-1,-1,-1,-1,-1,0,3474,1974,2774,43824,11308,3540,1974,2774,43831,11308,0,824,0
50000,1,1,1,35,0,0,0,0,0,0,50482,50267,44880,45122,49518,50389,6749,5000,8000,5000,10000,2000,0
200000,1,1,1,52,1,-2,-2,-2,-2,-2,-768,-768,-768,-768,-768,-768,0,0,0,0,0,1536,0
360000,1,1,2,28,-1,-1,0,0,0,0,9179,10977,14190,16328,17383,17194,10977,8500,4000,1700,371,1150,0
240000,2,2,2,25,-2,-2,-2,-2,-2,-2,0,0,0,0,0,0,0,0,0,0,0,0,0
170000,1,2,1,59,2,2,2,2,2,2,44619,45386,46365,47304,47727,49315,1800,2000,2000,1500,2500,0,1
90000,2,2,2,24,0,0,0,0,0,0,14520,14747,4753,5152,4664,4833,1240,1220,1000,500,800,1680,0
30000,1,3,2,23,0,0,-2,-1,0,0,4443,370,380,590,7704,20204,430,400,601,7504,15005,5674,0
210000,2,1,2,30,-1,-1,-1,-1,-1,-1,7631,5583,5583,5583,5583,5500,5583,5583,5583,5583,5500,5823,0
270000,2,2,1,52,0,0,0,0,0,0,43210,45670,47625,49332,22950,25561,3500,3000,3000,3000,3000,4000,0
100000,1,2,1,30,-1,-1,-1,-1,-1,-1,416,416,589,1416,416,416,416,1005,1416,416,416,0,0
10000,2,2,3,43,0,0,0,0,0,2,6110,6302,5972,6985,7845,7574,1240,1200,1120,980,0,268,0
230000,1,1,2,35,-2,-2,-2,-2,-2,-2,0,13371,9420,16639,600,0,13371,9420,16688,606,0,0,0
210000,2,2,2,38,-1,-1,-1,-1,-1,-1,1026,3751,4366,5602,21034,1026,3751,4366,5602,21034,1026,1026,0
450000,1,2,2,29,1,2,0,0,0,-1,16524,12624,11239,10569,3868,5000,676,1204,264,19,5000,0,0
20000,1,3,2,37,0,0,2,2,-2,-2,18623,21501,20650,0,0,0,3501,0,0,0,0,0,0
50000,2,2,3,24,0,0,0,0,0,0,40901,37962,26566,9866,5386,5651,1600,6207,1465,2200,1000,3000,0
560000,1,1,1,47,-1,-1,-1,-1,-1,-1,10501,69458,23445,105199,47519,73537,69803,23560,109726,48237,74014,19443,0
80000,2,1,1,50,1,-2,-2,-2,-2,-2,0,0,0,0,0,0,0,0,0,0,0,0,0
170000,1,3,1,45,0,0,0,0,0,0,40441,40937,34090,34894,36829,37727,5000,2000,2000,3000,2000,2000,0
50000,2,2,1,47,0,0,3,2,2,0,9532,14023,13513,14388,13862,14149,5000,0,1400,0,659,664,0
360000,2,1,1,39,-1,-1,-1,-1,-2,-2,7001,1224,394,-6,-6,2199,1224,394,6,0,2205,401,0
70000,2,3,1,39,0,0,0,0,0,2,124493,125680,129498,131216,136744,133413,4800,5900,6000,9200,0,4859,0
320000,2,1,2,35,-2,-2,-2,-2,-2,-2,0,0,2500,0,0,0,0,2500,0,0,0,0,1
120000,1,2,2,29,0,0,0,0,0,0,115698,118277,121004,118774,91369,88015,6000,6513,3740,3215,3300,3405,0
20000,2,3,1,44,0,0,0,0,0,0,5636,6737,7832,8624,8800,9300,1200,1208,1000,176,500,0,0
90000,2,2,1,56,-1,-1,-1,-1,-1,-1,1160,4701,13878,6556,2947,4808,4701,13882,6556,2947,4808,3131,0
460000,1,1,1,41,0,0,0,0,0,0,321987,318546,316330,325874,325857,327232,12000,12850,16700,11200,12000,11080,0
240000,2,1,2,29,-1,-1,-1,-1,-1,-1,358,176,0,540,100,2600,176,0,540,100,2600,704,0
280000,2,1,1,44,0,0,0,0,0,0,235635,197003,198808,187425,177340,180506,7665,6497,5555,5027,5065,5361,0
30000,1,2,2,47,3,2,2,0,0,0,29774,30797,29216,29681,29321,28068,1800,0,1200,1000,1046,904,1
180000,2,1,2,29,0,0,0,0,0,0,123154,126078,78070,50730,48039,47665,5200,3045,3500,2700,2720,2000,0
500000,2,1,1,40,-2,-2,-2,-2,-2,-2,2121,0,0,0,0,522,0,0,0,0,522,117,0
230000,2,1,2,38,-2,-2,-2,-2,-1,0,2581,2929,6966,1935,6665,11254,2929,6966,1935,6665,8000,15941,0
110000,2,2,1,37,0,0,0,0,0,0,95986,189688,93984,91983,90129,89925,4300,5000,4109,3100,3322,3472,0
90000,2,2,3,36,0,0,0,0,0,0,91337,91458,91049,70101,28942,27508,4000,3137,5094,1106,1001,1201,0
190000,1,1,2,27,1,-1,0,0,0,0,-4370,82387,83701,85035,86482,88164,87998,3017,3029,3127,3433,3356,0
20000,2,2,2,22,0,0,0,2,2,2,15034,16285,20498,19509,20038,18982,1500,4500,0,1600,0,1000,0
280000,2,2,1,29,0,0,0,0,0,0,233717,87171,87786,86510,83560,84808,10004,3066,3171,3501,3030,2789,0
170000,1,2,2,31,-1,-1,-1,-1,0,-1,2908,3408,2908,9283,2908,2908,3408,2908,9283,0,2908,7163,0
290000,1,1,2,34,-1,-1,-2,-1,-1,-1,1597,-2002,-1001,3999,0,4483,0,0,5000,0,4483,1209,0
100000,1,3,1,48,-2,-2,-2,-2,-2,-2,6345,0,0,0,0,0,0,0,0,0,0,0,0
120000,1,1,1,36,0,0,0,-1,0,0,43488,44785,47195,12432,13226,14258,2000,3200,37432,1000,1258,1000,0
390000,1,2,1,35,0,-1,-1,0,0,0,33808,15275,17331,78340,76892,57954,15347,17375,70077,15103,3290,16153,0
50000,2,2,2,22,0,0,-1,-1,-1,-1,8585,0,880,0,150,528,0,880,0,150,528,25775,0
340000,2,1,2,31,0,0,0,0,0,0,112119,119230,259489,328507,283758,273018,25000,150000,90168,25001,10000,11000,0
50000,1,2,1,36,0,0,0,0,0,0,47599,48542,49691,49172,9957,10044,2000,2200,1148,500,500,376,1
50000,2,3,1,41,0,0,0,0,0,0,48403,49448,50125,9717,9549,9840,2550,2227,339,500,600,500,0
240000,2,1,1,36,-1,-1,-1,-1,-1,-1,12181,6746,12104,2788,4084,3288,6746,12104,2788,4084,3288,4788,0
150000,2,2,1,30,1,2,0,0,0,0,36472,33947,35518,30564,21849,25168,0,5035,5000,900,10000,7000,1
60000,1,2,1,50,-1,-1,-1,-1,0,0,7888,13989,9588,18041,14458,12710,14026,9700,18064,4016,5029,2828,0
50000,1,3,2,60,0,0,0,0,0,0,46362,47393,48631,49143,27709,27549,1800,2000,1500,1000,1200,1100,0
20000,1,2,1,36,3,2,2,2,2,2,17500,16926,19260,18653,20041,19582,0,2921,0,1702,0,1594,1
450000,2,1,1,38,0,0,0,0,0,0,108390,96704,84033,72279,55757,37161,4300,3073,3000,2000,1500,2000,0
150000,1,1,2,33,-1,2,-1,-1,-1,-1,1532,1000,1430,810,786,447,0,1430,810,786,447,2215,0
200000,2,1,1,31,-1,-1,-1,-1,-1,-1,261,6229,5815,851,2029,1997,6229,5815,854,2029,1997,10342,0
210000,1,2,1,30,0,0,0,2,0,0,85988,88410,93234,90571,94653,142549,5000,7500,0,6000,50000,0,1
400000,2,1,2,35,-2,-2,-2,-2,-2,-2,4238,4329,6888,3519,77,927,5000,7013,3600,1500,1000,1000,0
20000,2,2,2,24,1,2,2,2,2,-2,4697,3800,5989,5761,0,0,0,2266,38,0,0,0,1
140000,1,2,2,28,0,0,0,0,-1,0,218318,135085,122762,76564,139508,142253,5000,6614,2198,140000,5413,4689,0
110000,1,2,2,26,2,0,0,0,0,2,28290,30516,39584,43581,48458,17129,3000,10000,5000,6000,0,2000,0
90000,2,2,2,30,2,0,0,0,0,2,75620,75382,73980,75036,77094,75708,3300,3350,3300,5500,1600,3950,1
210000,2,1,1,30,0,0,0,0,0,0,187191,140417,107768,84505,81796,52453,4700,4500,3100,3016,2000,2000,0
50000,1,3,1,54,2,2,2,0,0,0,18691,21072,20039,20042,20097,20288,3000,0,700,750,900,692,1
400000,2,3,1,40,-1,-1,0,-1,-1,-2,27035,28119,31166,35238,1408,4869,28204,33716,37400,1408,4869,5539,0
220000,2,2,2,27,-1,-1,-1,-1,-1,-1,1692,13250,433,1831,0,2891,13250,433,1831,0,2891,153504,0
40000,2,3,1,36,0,0,2,0,0,2,15861,18580,17994,20671,22328,21830,3000,0,3000,2000,0,2000,0
160000,2,2,2,25,-1,-1,-1,0,-1,-1,227,0,354,355,47,605,861,354,1,48,906,0,0
120000,2,2,1,30,0,0,0,0,0,0,121038,121211,119339,122334,121254,122094,4700,4400,5000,4600,5000,4500,0
20000,1,2,1,30,1,2,2,2,2,2,17005,15451,18067,17469,19905,19763,0,2874,0,2712,1566,818,1
230000,2,1,2,30,-1,-1,-1,-1,-1,-1,754,-441,4410,0,711,5650,0,4851,0,711,5650,0,0
80000,2,2,2,29,0,0,0,0,0,0,89061,31367,34848,69990,36711,38103,4000,4000,2000,4000,2000,2000,0
140000,1,1,2,29,-1,-1,2,0,0,-1,1712,2304,978,652,326,1052,2314,0,0,0,1052,652,1
300000,1,1,1,38,0,0,0,0,0,-1,87118,56182,60039,52009,32862,3730,1691,10043,1065,164,3748,1132,0
70000,2,1,2,28,0,0,0,0,0,0,44397,44923,46189,39327,38618,38404,3000,3000,3000,2000,2000,1800,0
100000,2,3,1,35,-1,0,0,0,0,0,50327,51326,52403,53410,54030,55157,1835,1902,1878,1446,1500,30000,0
180000,2,3,2,40,-2,-2,-2,-2,-2,-2,0,0,0,0,0,0,0,0,0,0,0,0,1
20000,1,3,2,50,-1,-1,-1,-1,-1,0,2191,1140,12656,1693,303,12303,1140,12656,1700,500,12000,0,0
360000,1,3,1,49,0,0,0,0,0,0,170792,153458,136109,114908,111274,110141,5729,5365,4664,3890,3899,4724,0
230000,2,1,2,27,0,0,0,2,0,0,79108,70757,76049,68989,54450,39862,3187,7100,0,2700,2000,1572,0
150000,1,1,2,36,-1,-1,-1,-1,-1,0,5856,2629,99,45,2928,519,4914,99,45,2982,0,993,0
240000,1,2,1,62,-1,-1,0,0,-1,2,1901,3855,3802,1901,2165,1965,3855,1901,0,2165,0,108,0
520000,2,2,2,42,0,0,0,0,0,0,437492,405442,381086,353074,330171,324386,14710,14200,12300,11200,11200,11200,0
200000,1,1,2,29,-2,-1,-1,-1,-1,-1,8099,3432,2249,3367,-33,11202,3447,2261,3377,0,11235,2795,0
140000,2,1,1,39,-2,-2,-2,-2,-2,-2,4654,5525,5088,4480,2338,4250,5525,5088,4480,2338,4733,22566,0
290000,1,1,1,30,1,-2,-2,-2,-1,-1,0,-291,-582,-1164,291,732,0,0,0,1455,732,291,0
360000,2,2,1,29,1,-1,2,-1,-1,-1,0,828,414,414,414,414,1244,2,416,416,416,600,0
90000,2,2,1,24,-2,-2,-2,-2,-2,-2,91272,91337,88129,76209,65295,27224,5000,3069,2028,2110,2142,39245,0
370000,1,3,2,27,-1,0,0,0,0,0,50886,61378,96133,103773,137735,234740,11378,36133,18773,37735,100000,5600,0
510000,1,3,2,31,1,-1,0,0,0,0,0,14370,17023,9706,7271,9551,14370,3500,2500,1380,2380,3000,1
190000,2,1,2,27,0,0,0,0,0,0,14671,15141,17574,18943,20405,42921,2000,3000,2000,2000,25921,1400,0
170000,1,2,1,40,-1,-1,-1,-1,-1,-1,4599,3409,3790,2578,2100,2400,3409,6530,2578,2100,2400,6665,0
130000,2,3,1,43,0,0,0,0,0,2,74020,71527,66370,43882,41063,29215,5000,3000,2500,4100,0,5000,0
30000,2,3,1,43,-1,3,2,2,0,0,10330,10040,10903,10533,10132,10343,0,1149,101,348,359,364,0
20000,1,1,2,27,1,-2,-2,-2,-2,-2,0,0,0,0,0,0,0,0,0,0,0,0,0
80000,1,2,2,25,-2,-2,-2,-2,-2,-2,302,-62,1958,-101,15932,950,0,2020,0,16033,11220,0,0
200000,2,1,1,40,1,-1,-1,-1,-1,-1,0,114558,1898,849,-171,14686,114558,3796,849,0,14857,0,0
120000,2,1,2,44,1,2,2,2,0,0,27500,28565,29003,28241,28933,30956,1800,1200,0,1300,2500,0,0
300000,2,3,1,39,2,0,0,2,2,2,36656,37672,40743,41226,40263,42788,1929,4000,1446,0,3179,0,0
170000,2,2,1,31,0,0,0,0,0,0,102477,104499,106657,108804,109584,111881,5210,5323,5402,4071,4215,4081,0
10000,1,3,2,24,0,-1,-1,0,0,0,9285,273,8327,9379,9566,9766,273,8327,1200,342,354,438,0
380000,1,1,1,50,0,0,0,0,0,0,211463,201613,191343,184267,172328,230031,10000,10000,10000,20000,95000,50000,0
20000,2,3,3,56,-1,2,-1,-1,0,-1,190,2946,1473,780,390,1738,1473,1473,780,0,1766,0,1
200000,2,1,2,30,0,0,0,0,-2,-2,199229,132458,59153,0,0,0,6101,3500,0,0,0,0,1
100000,2,2,1,36,0,0,0,0,0,0,100050,96652,97974,97486,95479,92817,4500,4600,4500,3500,3500,3500,0
310000,1,1,1,45,-2,-2,-2,-2,-2,-2,8964,1168,6495,-16,-16,-16,1174,6527,0,0,0,0,0
120000,2,2,1,40,0,0,0,0,0,0,105124,109399,109397,36850,37739,38381,6020,3900,1700,1500,1400,1400,0
60000,1,2,2,25,2,0,0,0,0,0,60760,60011,61333,60082,38897,39422,2740,2893,2210,938,1188,0,1
200000,2,1,1,32,1,-2,-2,-2,-2,-1,0,0,0,0,0,900,0,0,0,0,900,880,0
80000,1,2,2,26,1,2,2,2,0,0,77389,75585,80300,75724,77504,79715,0,6000,0,3000,3500,3000,0
240000,2,2,1,31,-1,-1,-1,-1,-1,-1,184,0,2500,12500,749,2829,0,2500,12500,749,2829,2900,0
50000,2,2,1,41,0,0,0,0,0,0,22824,22664,5631,5933,6433,6828,1100,1100,1100,600,500,300,0
150000,1,1,2,31,0,0,0,0,0,0,1575,4711,4956,6692,14418,25825,3651,1068,1977,9118,12625,122,0
280000,2,2,1,26,0,-1,-1,-1,-1,-1,6056,804,4712,1728,2076,1709,1200,4720,1728,2076,1709,7508,0
240000,2,1,2,28,1,-1,-1,-1,-1,-1,0,1748,0,14944,968,10408,1748,0,14944,968,10408,0,1
20000,2,2,2,29,0,0,0,0,0,0,12742,8438,9792,10990,13990,10000,1500,1500,1500,3000,2000,0,0
100000,2,5,2,27,0,0,0,0,0,0,152330,66107,60734,48816,28679,30231,3000,2231,1617,1000,2000,590,0
30000,2,2,2,26,0,0,0,0,0,0,17893,19012,20123,20222,20796,19844,1411,1522,621,795,715,1000,1
200000,2,1,1,37,1,-2,-2,-2,-2,-2,0,0,0,0,0,0,0,0,0,0,0,0,1
10000,2,2,2,27,2,0,0,0,0,0,6694,7546,8345,8688,8865,9046,1124,1207,1000,177,181,0,0
20000,2,3,2,28,1,2,2,2,2,0,6616,6364,7891,8913,8624,9628,0,1800,1300,0,1300,1900,1
50000,2,2,1,47,0,0,0,0,0,0,27121,53680,20476,21781,17792,16657,2000,1700,2000,1000,702,600,0
20000,2,2,2,22,1,2,2,0,0,0,15706,15757,15436,16331,10229,10250,1000,1000,1200,900,700,2300,1
240000,1,1,2,27,0,0,0,0,-1,2,2961,4748,7013,7722,732,291,2000,2873,1000,882,0,0,0
80000,2,3,3,60,0,0,0,0,0,2,30959,15774,9365,6515,6845,5789,1458,1230,250,800,0,300,0
230000,1,2,2,28,-2,-2,-2,-2,-2,-2,-73,-73,-73,-73,7723,0,0,0,0,7796,0,0,0
350000,1,1,1,38,1,-2,-2,-2,-2,-2,0,0,0,0,0,0,0,0,0,0,0,0,0
120000,1,3,2,26,0,0,0,0,0,0,88143,83432,78471,77711,79250,55860,6000,4100,3000,3000,2000,0,0
320000,1,1,2,34,0,0,0,0,0,0,71944,88243,96574,104795,113156,121465,19246,11550,11688,12122,12156,2437,0
50000,1,2,1,34,0,0,0,0,0,0,45398,37433,30609,30432,30254,30088,2008,2000,1500,1501,2105,2219,0
80000,2,2,2,24,0,0,2,2,2,2,70411,75874,76710,74792,79636,77757,6657,2629,0,6000,0,3000,0
500000,1,1,1,35,0,0,0,0,2,0,143839,117883,100809,104716,101568,92150,4844,5095,7229,0,2843,1200,0
120000,1,1,2,34,1,2,2,-1,-1,-1,650,625,300,475,300,325,300,0,500,300,500,300,1
490000,1,1,1,42,0,0,0,0,0,0,283484,245832,230346,215437,176688,170548,10000,9002,10000,7000,7000,7000,0
150000,1,1,1,36,-2,-2,-2,-2,-2,-2,2750,2424,27498,1213,26636,2547,2424,27498,1213,26636,2704,1800,0
80000,2,3,1,57,0,0,0,0,0,0,80297,65002,62321,43303,40866,40573,3410,13800,3557,1620,1520,1805,0
170000,2,1,2,27,0,0,0,0,0,0,118801,108980,112125,109579,107030,101130,4000,5300,3800,3880,3500,3400,0
330000,2,5,1,34,0,0,0,0,0,0,252755,272262,281220,121814,11383,13090,25000,15000,7000,3000,2000,90000,0
210000,1,1,2,30,1,-1,2,0,0,-1,0,855,855,855,855,599,855,0,0,0,599,0,0
440000,2,1,1,36,0,-1,-1,-1,0,0,14234,11061,19669,18613,13669,24849,11066,19669,33152,0,20000,7046,0
100000,1,3,1,35,2,2,0,0,2,2,101326,97751,92431,97227,88899,93766,0,3500,7000,0,7000,0,1
50000,2,2,1,31,0,0,0,0,0,0,45614,44187,29253,14199,14965,15712,2450,2100,1000,1000,1000,1000,1
300000,1,1,2,55,-2,-2,-2,-2,-2,-2,390,601,4247,5484,5125,1752,601,4285,5500,5151,1757,12918,1
180000,2,1,1,26,-1,-1,-1,-1,-1,-1,4745,5865,6059,5537,17366,16971,5865,6091,5537,17366,16971,2785,0
400000,2,2,2,43,-2,-2,-2,-2,-2,-2,15000,18400,15000,492,14926,7626,18400,15000,492,15000,7725,3000,0
280000,2,1,1,37,-1,-1,-1,-1,0,0,733,168,786,1028,889,698,168,786,1028,698,0,0,0
30000,1,2,2,24,0,0,2,0,0,0,22885,25886,25172,27239,57036,28789,3700,0,2500,2100,3000,1700,1
10000,2,3,1,56,0,0,2,2,2,0,7324,9808,9501,10029,9730,9974,2609,0,830,0,400,500,0
50000,2,2,2,23,0,0,0,0,0,2,48725,51175,50115,33814,34423,31988,4987,1661,2000,3000,0,3213,0
50000,2,3,1,58,1,3,2,2,2,2,39649,40194,41150,41670,42188,43360,1500,1900,1500,1500,2000,1500,0
20000,2,1,2,24,0,0,0,0,0,0,17147,18264,19145,17322,16989,12699,1700,1500,822,1000,1000,500,0
20000,1,3,1,40,3,2,2,2,2,2,300,300,300,300,300,300,0,0,0,0,0,0,1
60000,2,3,1,28,0,-1,-1,-1,-1,0,7207,12625,6244,13615,25475,26237,12625,6244,13615,25478,5000,5000,0
400000,1,2,1,30,-1,0,0,0,-1,-1,11633,12294,13038,13751,5765,21784,1200,1287,1000,5819,26957,507,0
180000,2,3,1,41,-1,-1,-1,-1,-2,-1,3600,5184,5719,0,0,7632,5184,5719,0,0,7632,0,0
50000,1,2,2,24,0,0,0,0,0,0,9923,5088,5625,4428,5092,5685,1200,2065,1000,2070,2000,10327,0
320000,2,1,1,41,0,0,0,0,0,0,95155,97797,99672,101953,102284,104090,4400,4520,5050,3590,3700,3750,0
60000,2,2,1,40,2,2,2,2,0,0,42922,45617,46549,32902,30677,31318,3700,2000,0,1059,1096,1114,1
210000,2,1,2,38,0,0,0,0,0,0,13744,14565,13173,13258,8155,2838,5000,3397,3000,2000,2300,5230,0
110000,2,2,1,33,0,0,0,2,2,2,105440,105852,111966,106068,109293,105804,5300,11000,0,8077,0,3947,0
70000,2,3,1,49,2,2,2,2,2,2,19954,21024,21790,21142,23772,24930,1700,1400,0,3000,1700,1340,1
130000,2,1,1,35,-1,-1,-1,-1,-1,-1,6348,321,321,0,321,0,321,321,0,321,0,0,1
80000,1,3,1,52,-1,0,0,0,0,0,35861,18521,19385,20561,21261,21457,1500,1500,1500,1028,876,1449,0
90000,2,3,2,26,0,0,0,0,0,0,14692,15722,16733,17453,17970,18175,1269,1280,1000,950,652,1000,0
80000,2,3,1,42,2,2,2,2,0,0,17511,20503,25917,19081,15200,13039,3600,6142,0,0,0,6439,1
30000,2,2,2,22,1,2,2,0,0,-2,22167,22474,18180,15900,0,0,1000,150,0,0,0,0,0
310000,2,1,1,41,0,0,0,0,0,0,48815,39593,104341,76635,46219,55045,2063,76651,7129,3000,10000,10000,0
60000,2,2,2,24,0,0,-1,2,0,0,8086,6936,4102,3891,4669,6083,3015,4102,0,1000,1500,1000,0
110000,2,1,2,31,2,2,2,2,2,2,91773,93892,94652,97097,98097,100361,4550,3150,4900,3500,4000,3900,1
340000,1,3,1,36,0,0,0,0,0,0,362178,303611,92112,75710,63870,52671,10116,3300,5000,10000,10000,30000,1
160000,2,1,1,36,-2,-2,-2,-2,-2,-1,25386,2542,2916,4257,629,6267,2549,2916,4321,700,6267,1727,0
70000,1,1,2,24,0,0,0,0,0,-1,12109,15328,16854,16741,15154,6060,5328,4000,3000,3007,6060,5133,0
30000,2,3,1,42,2,-1,-1,-1,0,-1,836,836,836,1672,836,390,836,836,1672,0,390,930,0
150000,1,5,2,27,0,0,0,0,0,-2,133374,40283,49746,51500,0,0,10000,10000,2900,10000,0,0,0
90000,2,2,1,42,-1,-1,-2,-2,-1,-1,390,0,-390,-780,780,0,0,0,0,1560,0,0,0
90000,2,3,1,44,0,0,0,0,0,0,94393,93361,91820,48220,45766,43343,3820,3785,1721,1651,1661,2147,0
210000,1,1,2,29,-2,-2,-2,-2,-2,-2,0,0,1865,-3,-3,3677,0,1865,0,0,3680,0,0
10000,1,6,2,47,0,0,0,-1,-1,-1,7968,8800,0,2640,695,738,1000,0,2640,695,738,0,0
50000,2,1,2,26,0,0,0,0,0,0,45431,45187,34250,30276,30894,0,1811,1400,606,618,0,0,0
260000,2,2,2,36,-1,-1,-1,-1,-1,-1,17631,13184,1700,5190,8455,1462,13184,1700,5190,8455,1462,3641,0
240000,2,1,2,33,0,0,0,0,0,0,99938,92104,85194,83021,78556,78495,3500,4200,3600,3000,3000,3000,0
40000,1,2,2,29,0,0,2,0,0,2,20528,22973,22317,24047,26644,26079,3100,0,2100,3000,0,3000,0
300000,2,2,1,27,1,2,0,0,0,0,311987,305417,296009,92553,94259,96868,0,12500,3200,3000,3000,3000,0
80000,2,1,1,48,-1,-1,-1,-2,-2,-1,1198,1150,0,0,0,7685,1150,0,0,0,7685,0,1
30000,2,3,1,41,1,2,0,0,2,0,29717,28569,29168,30566,29229,26260,0,2000,2200,0,1100,1100,0
90000,2,2,2,24,2,2,2,0,0,0,124457,118666,105806,98257,91442,66762,6600,0,2915,3154,2977,90000,1
250000,1,2,2,24,1,-2,-1,-1,-1,0,0,0,1859,3582,18717,20213,0,1859,2628,41000,3000,2000,0
210000,2,1,2,31,1,-2,-2,-2,-2,-2,0,0,0,0,0,0,0,0,0,0,0,0,0
500000,1,2,1,50,0,0,0,0,0,0,265803,246770,223989,223232,219158,212237,16770,13989,33232,29695,32838,38770,0
100000,2,2,1,44,1,-2,-2,-2,-1,2,-1651,-5469,-7292,-10938,5887,3882,0,0,0,16825,0,1823,0
500000,1,1,1,42,1,-2,-2,-2,-2,-2,0,0,0,0,0,0,0,0,0,0,0,0,0
210000,1,2,2,28,-1,0,0,0,-2,-2,4432,5373,6200,0,0,0,1173,1000,0,0,0,0,0
20000,1,3,2,25,0,0,0,0,0,0,13701,14413,15781,15939,16271,16590,1241,1609,717,738,740,789,0
20000,1,2,2,27,1,2,2,2,2,0,17569,18478,19884,20218,19687,20307,1500,2000,1000,0,1000,1000,1
140000,2,1,2,37,-1,-1,-1,-2,-2,-1,1034,40000,0,0,0,510,40000,0,0,0,510,0,0
50000,2,3,1,53,1,2,0,0,0,0,51254,49852,28379,15988,16718,17446,0,6200,2000,1000,1000,1000,0
240000,2,1,2,28,0,0,0,0,0,0,203850,203979,204712,205344,152992,140128,7500,8000,8400,6000,5200,5000,0
30000,1,3,2,56,0,0,0,0,0,0,32758,33720,32779,31557,30094,27223,1521,1580,1358,895,1217,1022,0
80000,2,3,1,40,-1,0,0,0,0,0,7111,12774,16817,15274,20043,13318,6500,5000,4025,8000,5000,2000,0
360000,2,3,2,29,-1,-1,-1,-1,0,0,4887,4982,4851,3255,8255,8411,5005,4851,4784,5000,3000,2000,0
50000,2,1,2,42,-1,-1,-2,-2,-2,-1,1618,0,0,0,0,3702,0,0,0,0,3702,4817,0
160000,2,2,1,40,0,0,0,2,0,0,137930,137695,146193,139323,140719,143638,6574,12121,0,5100,10251,5205,0
70000,2,1,2,28,0,-1,-1,-1,-1,-1,12018,39270,603,2288,1380,2028,39270,603,2288,1380,2028,390,0
170000,2,1,2,25,-1,-1,-1,-1,-1,-1,12218,5500,100,1608,1800,897,5507,100,1608,1800,897,1443,1
10000,1,3,2,25,0,0,0,0,0,0,6892,7915,10086,18714,9781,9979,1294,2465,500,1000,500,0,0
30000,1,2,2,38,0,0,0,0,0,0,26825,18401,18432,17844,18237,10900,2100,2500,1000,1000,3000,7002,0
80000,2,2,2,27,0,0,0,0,0,0,73684,68883,45257,45981,46032,46192,2896,1722,1619,1665,1700,1833,1
290000,2,2,2,36,0,0,0,0,0,0,320952,326625,290268,296053,302793,307336,11149,10524,10600,11500,10000,65000,0
180000,2,2,2,25,0,0,0,0,2,2,4745,5765,6631,8386,8109,8820,1257,1123,1878,0,1000,0,0
200000,1,1,2,31,-2,-2,-2,-2,-2,-2,100,100,100,100,100,100,100,100,100,100,100,100,0
180000,2,1,2,26,-1,-1,-2,-2,-2,-2,3000,0,0,0,0,0,0,0,0,0,0,0,0
10000,1,2,2,28,-1,2,-1,-1,2,2,200,100,370,1766,1496,8356,0,370,1496,0,7000,0,0
60000,2,3,1,23,2,0,0,0,0,0,60406,57491,59137,59345,29399,29339,2055,2570,1620,1020,1050,1080,0
280000,2,1,2,29,-1,-1,-1,-1,-1,-1,3009,3437,4132,2693,659,3277,3454,4170,2703,659,3297,423,0
260000,2,1,2,33,2,-1,-1,-1,-1,2,1381,491,491,1132,1711,1070,493,493,1134,1072,2,3103,0
240000,2,2,1,37,-1,-1,-2,-2,-2,-2,238,0,0,0,0,0,0,0,0,0,0,0,1
150000,2,2,1,38,0,0,0,0,0,0,140133,140414,141314,141000,142358,143358,6601,6501,5201,5501,5282,5200,0
180000,1,2,1,43,-1,-1,-1,-1,-1,-1,2745,3873,3275,2347,3020,2193,3884,3284,2354,3029,2199,12553,0
200000,1,1,1,36,1,-2,-2,-1,0,-1,-95,-95,-95,5,1005,21,0,0,100,1000,500,0,0
50000,2,2,1,46,0,0,0,0,0,0,49859,49160,49222,29291,29391,29826,2438,2200,1187,1213,1073,1066,0
100000,2,1,2,23,-1,-1,-1,-1,-1,-1,4802,4802,4714,11642,4897,3722,4806,4718,11734,4901,3723,3723,0
240000,1,1,1,44,-1,-1,-1,-1,-1,-1,1473,1473,1473,1473,1473,1473,1473,1473,1473,1473,1473,390,1
480000,1,1,1,37,1,-1,-1,-1,0,0,6071,7994,8313,25714,25710,20110,8023,8351,25753,14012,10021,12462,0
160000,2,1,2,25,-1,0,-1,-1,0,0,6087,1934,11376,2199,10856,0,1000,11426,2199,10000,0,9867,0
130000,2,2,1,52,0,0,2,0,0,0,50662,51562,47928,45456,42704,2552,4600,0,1500,0,2000,0,0
220000,1,1,2,31,0,0,0,0,0,0,75538,78315,80361,82199,84782,87284,4000,4000,4000,4000,4000,4000,0
100000,1,3,1,44,2,2,2,2,2,2,30076,31287,31676,32259,31608,33524,2000,1200,1400,0,2600,0,0
50000,2,2,1,33,0,0,0,0,0,0,76025,78548,77882,79471,81121,1685,3750,1558,1589,1650,9980,0,1
50000,2,3,3,51,0,0,0,0,0,0,44788,45471,46394,47865,47455,48426,2352,2275,2398,1336,1366,1444,1
150000,1,1,2,39,-2,-1,-1,-1,-2,-2,8766,5890,1000,0,0,0,5950,1010,0,0,0,0,0
100000,2,2,2,22,1,2,0,0,0,0,96491,94043,97522,97696,90605,85293,0,5000,3000,2113,2995,139,0
290000,1,2,1,33,-1,-1,-1,-1,-1,-1,1300,0,500,1000,3441,2415,0,500,1000,3441,2415,1643,0
230000,2,2,2,28,0,0,0,0,0,0,23063,14024,11825,14765,12383,10008,2000,2000,5000,1000,2000,1000,0
590000,1,1,1,63,0,0,0,-1,0,0,630458,646770,693131,324522,358774,369685,28000,61115,325000,40000,20000,51000,0
420000,1,1,2,34,0,0,0,0,0,0,131939,136721,140011,141695,144839,147954,7000,7000,5500,5500,5600,5000,0
80000,1,1,2,27,-1,-1,-1,-1,-1,-1,400,600,600,100,900,2934,600,600,100,900,2934,0,0
700000,2,1,1,36,0,0,0,0,0,0,450827,389039,328316,325968,271596,286805,13000,11939,10312,20004,20000,20000,0
280000,2,1,2,29,-2,-2,-2,-2,-2,-2,0,0,320,2139,0,0,0,320,2139,0,0,0,0
270000,2,1,2,30,0,0,0,2,0,0,25628,27880,35387,34524,36630,38871,3000,8000,0,3000,3000,2000,0
60000,2,2,2,25,0,0,2,6,5,4,44331,48590,59129,57663,56225,54759,5000,12000,0,0,0,0,0
90000,2,2,1,35,0,0,0,0,0,0,82164,77060,76589,62892,58326,59491,2926,3571,2381,2083,2100,1976,0
60000,2,2,1,45,0,0,0,0,0,0,59998,59702,61188,57459,26551,24901,2152,2464,1462,847,1007,3004,0
100000,1,1,1,41,1,2,0,0,2,0,89137,86040,71910,65693,63835,18660,0,3515,6300,13,765,0,0
20000,1,2,2,27,0,0,0,0,0,0,18860,17904,15300,12776,3585,0,1360,1206,256,72,0,0,0
130000,2,2,1,51,-1,-1,-2,-2,-1,-1,99,0,0,0,2353,0,0,0,0,2353,0,0,0
50000,1,3,1,46,3,3,2,0,0,0,53418,52281,51173,50033,9779,9924,0,7,1104,445,400,204,0
310000,2,1,1,39,-1,-1,-1,-1,-1,2,1989,4566,5329,5724,1518,1336,4566,5433,5724,1336,0,3167,0
130000,2,1,2,26,-2,-2,-2,-2,-2,-1,0,0,0,402,0,2054,0,0,402,0,2054,0,0
220000,2,3,2,39,0,0,0,0,0,0,209596,160515,141917,144811,147685,150780,6888,5155,5258,5284,5473,5505,0
340000,2,3,2,27,1,2,0,0,0,0,29221,14802,153697,153381,143426,139945,12,145000,5055,5017,5059,7382,0
70000,1,2,2,29,0,0,0,0,0,0,53700,53938,47852,48538,49034,49689,2200,8808,2200,2000,2000,2300,0
80000,1,3,2,27,0,0,2,2,2,0,10100,59714,62163,62756,61149,62464,50000,4000,2200,0,2300,5108,0
600000,2,3,2,51,0,0,0,0,0,0,95286,78404,147559,323129,310042,311840,10448,85113,217035,11032,15019,10033,0
90000,2,2,1,45,2,2,2,2,2,2,45820,46770,45741,48729,49628,50680,2000,0,3755,2000,2000,2100,1
60000,2,2,2,23,0,0,0,0,0,0,45995,44955,20264,20614,20877,21535,2400,1700,1403,1000,1000,1000,0
360000,2,1,1,31,-2,-2,-2,-2,-2,-2,0,18540,9007,9500,8675,6573,18540,10000,10000,9000,6600,32810,0
360000,2,1,2,26,2,2,-2,-2,-2,-2,2500,0,0,0,0,0,0,0,0,0,0,0,0
30000,1,1,2,25,0,0,-2,-2,-2,-2,7833,0,0,0,0,0,0,0,0,0,0,0,0
150000,2,1,2,29,-2,-2,-2,-2,-2,-2,2889,3469,1791,570,0,0,3469,1791,570,0,0,399,1
150000,2,2,2,29,-1,-1,-1,-1,-1,-1,933,598,1062,0,1810,0,598,1062,0,1810,0,3163,0
150000,2,2,2,29,0,0,0,0,0,-1,19020,7717,9858,9188,7518,23574,1500,5000,2000,1000,33054,704,0
50000,1,2,1,35,0,0,0,0,-1,0,49008,49198,34239,14448,28799,29199,2171,2021,930,31074,1503,1030,0
70000,2,2,2,49,-1,-1,-1,0,-1,0,390,390,772,390,780,390,390,772,8,780,0,989,0
30000,1,3,2,29,1,-2,-2,-2,-2,-1,0,0,0,0,0,7035,0,0,0,0,7035,0,1
190000,2,2,3,29,1,-2,-1,0,0,0,0,0,306,306,306,0,0,306,0,0,0,0,0
60000,2,2,2,23,0,0,0,0,0,0,48413,52587,54733,55618,56827,58040,5000,3000,1888,2000,2000,3000,1
20000,2,1,2,23,-1,-1,0,0,0,0,6916,13914,10130,6165,6165,6315,14000,1145,950,0,150,6000,0
220000,2,1,2,29,-2,-2,-2,-1,0,0,2848,7146,4690,16331,77894,2576,7181,4714,16493,97910,0,4862,0
80000,1,3,2,30,0,0,0,0,0,0,78010,5976,5812,4788,3758,3812,1106,1060,154,147,127,52,1
180000,2,2,1,39,0,0,0,0,0,0,46202,47359,48316,28220,29260,30173,2200,2111,1015,1500,1400,5350,0
240000,1,2,1,37,0,0,0,0,0,0,11278,14070,15535,17734,19734,8561,3000,2000,3000,2000,2000,0,0
80000,1,2,1,44,-1,-1,0,-1,0,0,1798,2302,1604,3612,2608,1604,2310,1100,3612,600,600,1631,0
260000,1,3,1,48,0,0,0,0,-1,0,200716,203751,205530,-170000,171696,174151,8812,9158,0,497000,10000,7000,0
50000,2,3,2,45,0,0,-2,-2,-2,-2,51400,0,0,0,0,0,0,0,0,0,0,0,0
220000,1,1,2,26,0,0,0,0,0,0,44432,128967,96750,71616,65415,57914,100000,18720,37800,7096,12000,25000,0
160000,2,2,1,31,0,0,0,-1,-1,0,42781,42774,41817,749,5572,10573,2300,2300,749,5572,5573,13793,1
170000,2,1,2,53,-2,-2,-2,-2,-2,-2,-200,-200,-200,0,2769,0,0,0,200,2769,0,0,0
20000,2,2,1,27,-1,-1,2,0,0,0,191,20391,19292,19545,18945,19494,20200,0,1310,678,854,767,0
20000,2,1,2,24,0,0,0,0,0,0,22515,24146,25374,19075,18907,18507,2000,2024,2000,1005,1188,2002,0
150000,1,1,2,29,0,0,0,0,0,0,4614,6370,9243,10280,10637,10916,2000,3000,1500,527,600,1000,0
210000,2,3,1,28,0,0,0,0,0,0,37608,39001,40053,41084,42416,43707,2000,2000,2000,2000,2000,2000,0
210000,2,1,1,43,1,-2,-2,-2,-2,-2,0,0,0,0,0,0,0,0,0,0,0,0,0
80000,1,2,2,26,0,0,0,-2,-2,-2,5844,6700,0,0,0,0,1067,0,0,0,0,0,0
340000,2,2,1,32,0,0,0,0,0,0,34228,96716,74983,43557,15559,0,75113,2047,766,77,0,394,0
110000,2,2,1,43,0,0,0,0,0,0,45021,45782,46187,47105,45253,46144,2100,1800,1638,1490,1957,2000,0
210000,2,2,2,35,0,0,0,0,0,0,147812,135624,125469,103409,75498,72020,5000,7000,5000,4000,2447,3000,0
450000,2,3,1,36,-2,-2,-2,-2,-2,-2,3996,9120,8528,0,6368,3000,9120,8528,0,6368,3000,3238,0
200000,1,1,2,32,0,0,0,0,0,0,141634,145060,148817,154033,155435,151806,5700,6000,7600,5421,5400,5316,0
510000,2,1,1,48,-1,-1,-1,-1,-1,-1,9686,19121,9891,8600,3365,6011,19121,9922,8600,3365,6011,3301,0
20000,1,1,2,24,1,2,2,2,0,0,6696,7437,8810,9470,18315,19237,1000,1495,1000,9000,1800,900,1
200000,2,2,1,42,0,0,0,0,0,0,192821,196113,202774,176737,147151,148866,8000,10120,6500,5500,7000,6000,0
50000,2,2,2,23,0,0,0,0,0,0,49809,50364,38429,18815,18305,19013,2040,2766,1690,1000,1000,1000,0
170000,2,1,1,36,-2,-2,-2,-2,-2,-2,7346,26797,3824,22709,0,0,27183,3824,22865,0,0,3809,0
290000,2,2,1,33,0,0,0,0,0,0,149495,117275,110481,107735,100195,84268,3721,3700,4005,4000,3000,2928,0
50000,1,1,2,26,0,0,0,0,0,0,48924,48593,49459,50160,49244,50531,2200,2200,1890,2000,2000,1800,0
210000,2,2,1,29,-2,-2,-2,-2,-2,-2,3814,-6,6456,0,2746,11613,0,6462,0,2746,11613,11753,0
230000,2,1,2,38,0,0,0,0,0,0,224020,227311,184500,128190,130883,133504,8750,7470,4540,4710,4750,4900,0
80000,2,1,1,28,-1,2,-1,-1,-1,-1,9598,6278,8721,3589,8209,10253,60,8721,3589,8209,10253,4829,0
50000,1,3,2,26,0,0,0,0,0,-1,24132,20109,19932,19762,10708,20148,1902,1200,30,1031,20201,605,0
140000,2,2,2,29,0,0,0,0,0,0,116597,55208,47397,45860,46264,41870,3018,3000,1356,2000,2000,1500,0
210000,1,1,1,40,0,0,0,0,2,0,23764,21911,23204,19709,14418,13366,1367,1777,1577,0,1366,3130,0
180000,2,2,1,33,0,0,0,0,0,0,47050,49282,50159,51336,54332,56249,3000,2000,2011,4000,3000,3000,0
140000,2,2,1,46,0,0,0,0,0,0,82497,83206,85862,86676,88948,54312,2978,3997,3140,3707,2104,1946,0
90000,2,1,2,31,1,-2,-2,-2,-2,-2,0,0,0,0,0,0,0,0,0,0,0,0,0
80000,1,1,2,33,0,0,0,0,0,0,75454,77738,77235,76835,34751,0,4100,2000,0,0,0,0,0
80000,2,1,1,37,-1,-1,-2,-2,-2,-2,1330,0,0,0,0,0,0,0,0,0,0,0,0
360000,2,1,2,29,-1,-1,-1,0,-1,-1,1766,4500,14697,10687,1968,1272,4534,14697,0,2141,1272,24078,0
150000,2,2,1,32,0,0,0,-2,-2,-2,21274,22704,0,0,0,0,11540,0,0,0,0,0,0
130000,1,3,2,33,0,0,0,0,0,0,92457,95365,98095,100796,102504,104089,6000,5000,5000,4000,4000,5000,0
80000,2,2,2,37,0,0,0,0,0,0,21054,21776,22790,23411,23882,24356,1365,1379,1000,1000,871,1000,0
100000,2,2,1,29,-2,-2,-2,-2,-2,-2,0,0,0,0,0,0,0,0,0,0,0,0,0
170000,2,1,2,28,0,0,0,0,0,0,130370,131199,128900,125514,127280,128839,6530,4860,22500,4820,4877,4962,0
50000,2,2,2,30,0,0,0,0,0,0,46795,46285,43282,14713,19583,14959,2169,1966,1130,5000,1000,441,1
110000,1,2,1,39,0,0,0,0,0,0,54806,54544,55357,56281,56483,56685,2000,2200,2200,2149,2170,2000,0
110000,1,1,2,26,0,0,0,0,0,0,109386,99100,50827,51834,52921,54013,2432,3686,1850,1917,1968,1950,0
300000,2,1,2,43,1,-2,-2,-1,-1,-2,1352,2380,0,970,0,89,2380,0,970,0,89,0,0
130000,1,3,1,27,-1,-1,-1,-1,-2,-1,500,2000,1354,0,0,2699,2000,1354,0,0,2699,3766,1
70000,1,2,2,31,0,0,0,0,0,0,63441,29091,29802,30395,31034,31668,1789,1500,1089,1130,1150,1200,0
70000,2,3,1,47,0,0,0,0,0,0,70798,69923,66375,63639,64973,66391,2500,2350,2300,2360,2500,2300,1
200000,2,2,1,48,-2,-2,-1,-1,0,0,2233,6731,1374,24836,23348,7058,6734,1374,74836,0,250,55892,0
240000,2,3,1,44,-1,-1,-1,-1,0,-1,24469,11511,4670,17480,5489,7740,11511,4670,17480,0,7740,6788,0
50000,2,2,1,45,0,0,0,0,0,0,40650,42718,45047,45632,46535,47351,2850,3160,1740,1748,1650,3530,0
500000,2,2,1,40,0,0,0,0,0,0,26102,33012,56116,31924,33255,27668,33009,50018,30023,30013,18019,40018,0
260000,1,3,2,52,1,-2,-2,-2,-2,-2,0,0,0,0,0,0,0,0,0,0,0,4012,0
220000,2,2,2,29,0,0,0,0,0,0,131598,132727,135509,139774,141099,155763,4800,4920,6520,5120,17001,0,0
170000,2,1,2,28,0,0,0,0,0,2,42062,43170,44283,46352,51384,50568,2000,2000,3000,6000,0,2000,0
80000,2,2,2,24,-1,-1,2,0,0,0,2152,3832,3587,3332,3400,-300,2245,0,267,68,0,0,1
200000,2,1,2,29,-2,-2,-2,-2,-2,-2,2692,4399,5555,5818,3686,2014,4403,5573,5947,3686,2041,2540,0
60000,2,2,1,48,0,0,0,-1,0,0,58794,59987,33908,19513,17281,16802,7296,1903,19513,759,851,390,0
220000,2,3,1,45,-1,-1,2,-1,0,0,1196,8087,3606,4656,8960,13264,8087,13,4656,5000,5000,0,0
150000,2,1,2,29,0,0,0,0,0,0,80299,81963,84641,86330,88885,97402,3000,4000,4000,4000,10000,4000,0
270000,1,1,2,32,-2,-2,-2,-2,-2,-2,0,0,0,0,0,0,0,0,0,0,0,0,0
60000,2,3,1,48,0,0,0,0,0,0,62652,57562,51278,46685,31584,26482,2300,2200,1900,1191,1219,7971,0
110000,1,2,2,32,0,0,0,0,0,0,64651,65920,67290,68652,69552,71008,2941,3026,3076,2638,2728,2742,0
360000,1,1,1,44,-1,-1,-1,-1,-1,-1,18295,3199,6131,7662,19423,28351,3204,6195,7664,19423,28351,3250,0
280000,1,1,2,33,-1,-1,0,0,0,0,8814,151643,153190,147589,149291,151357,151650,5546,6007,5507,6007,4184,1
360000,2,3,1,73,-2,-2,-2,-2,-2,-2,0,0,0,0,0,0,0,0,0,0,0,0,1
360000,2,2,2,25,-1,-1,-1,-1,-1,-1,20952,12590,3479,3435,8870,2020,12590,3479,3446,8870,2020,27043,0
170000,1,2,1,48,-1,-1,-1,0,0,-2,390,390,780,780,0,0,390,780,0,0,0,0,0
160000,1,3,1,62,0,0,0,0,0,-2,37615,38707,40460,41149,-1,-1,1700,2400,2000,0,0,0,0
20000,1,5,2,28,-1,-1,-1,-1,-1,-2,780,1180,0,410,0,-2000,1180,0,410,1000,2000,2000,0
60000,2,1,2,28,1,2,0,0,0,0,47262,46226,47557,48464,49532,50552,0,2100,2000,2000,2000,3000,0
50000,2,3,2,27,2,0,0,-1,-1,-1,13979,11243,4396,3120,1805,16820,1261,1396,3125,1805,16820,3000,0
110000,2,2,1,29,0,0,0,0,0,0,60101,61589,60822,62306,63768,65239,2505,2500,2500,2500,2500,2640,0
230000,2,1,2,25,0,0,0,0,0,0,52906,54454,53457,55128,52788,53671,3000,2000,2500,2500,2000,2000,0
40000,2,2,1,24,2,0,0,2,2,2,25618,26701,30421,29633,31548,30889,1800,4500,0,2400,0,3000,1
350000,2,1,2,44,1,2,2,2,2,-1,8651,8890,1772,1957,1807,11811,1871,7,1807,0,11811,5628,1
130000,1,3,1,48,0,0,2,-1,-1,-1,11926,18095,5552,3038,11094,8670,10840,3,3041,11202,8671,6485,0
400000,1,1,2,36,-1,-1,-1,-1,-1,-2,6233,11152,-1,376,0,0,11219,0,377,0,0,1759,0
160000,1,1,1,41,-2,-2,-1,-1,-2,-1,155458,157690,150209,151343,154456,157632,7200,6100,5300,5400,165759,4872,0
50000,2,1,2,25,0,0,0,0,0,0,41892,43875,45052,44938,40655,40930,3000,2200,2000,2000,2000,3000,0
10000,1,2,2,23,3,2,2,2,2,2,10034,9239,10025,10227,9933,9884,0,1600,500,0,1000,0,1
150000,2,2,2,24,0,0,0,0,0,0,108924,109705,108748,108116,108951,109901,4000,5500,4000,4100,4300,4000,0
180000,1,2,2,25,0,0,0,0,0,-1,4236,5230,6570,7192,6437,12499,2001,2000,1018,6154,12527,5016,0
50000,1,1,2,29,-1,2,2,2,2,0,53746,51631,50880,51034,46154,42852,0,5160,1753,0,1508,5000,1
20000,2,3,1,42,0,0,0,0,0,0,18650,15456,16504,17496,18219,18783,1300,1300,1280,1000,1000,1107,0
140000,2,2,2,50,0,0,0,0,0,2,95310,97902,100214,102496,108405,106649,4000,3800,3800,7600,0,4000,0
50000,1,2,1,47,2,0,0,0,0,0,10492,11913,13012,13789,14560,15025,1600,1600,1300,1000,700,600,1
120000,2,2,2,29,-1,-1,-2,-1,0,0,1450,0,0,1187,1187,1187,0,0,1187,0,0,0,0
200000,1,1,1,40,-1,-1,-1,-1,-1,-1,840,770,386,0,475,390,800,396,4,475,1170,930,0
50000,2,1,2,25,0,0,-1,-1,-2,-2,14500,0,790,3696,6696,5724,0,790,3696,3000,5724,2271,0
150000,2,3,1,24,-2,-2,-2,-2,-2,-2,6479,1670,4330,8036,1505,974,1670,4330,8040,1505,974,0,1
140000,1,2,1,46,0,0,0,0,0,-1,133899,137171,139414,97268,99960,86728,5425,4979,3715,4498,86728,2412,1
180000,2,1,1,31,0,0,0,2,2,2,151776,157050,167293,168074,167235,179461,9300,14300,5000,3400,15000,6017,0
30000,1,3,1,47,0,0,2,0,0,-2,27609,30791,29913,30461,0,0,3630,0,1300,0,0,0,0
90000,2,1,2,31,1,-2,-2,-2,-2,-2,0,0,0,0,0,0,0,0,0,0,0,0,0
400000,1,1,2,38,-1,-1,-1,-1,2,2,3456,49709,8834,57959,49590,22972,50263,8834,50000,0,8695,0,1
30000,2,2,2,23,0,0,0,0,0,0,28420,27929,28920,27997,28378,29321,1482,1703,1001,1500,1845,1001,1
80000,2,2,2,34,0,0,0,2,2,2,25935,27210,28783,30003,29385,31401,2000,2338,2000,0,2500,0,0
50000,1,2,2,30,1,1,-1,2,2,0,13745,-4338,46881,47832,46783,47890,125,52000,2000,0,2000,3700,0
140000,2,3,2,26,0,0,0,0,0,0,93384,93443,57219,57621,48323,45082,3514,3000,2000,2000,1636,1686,0
100000,2,2,2,28,1,2,2,2,0,0,101080,87572,92041,75461,74233,76543,0,7690,0,2800,5700,0,0
30000,1,3,1,52,1,2,2,-1,0,0,3997,2522,0,1919,2658,2497,0,0,1919,2000,1100,201,1
200000,1,2,2,34,0,0,0,0,2,0,176642,180421,185722,196732,188930,192647,7000,8500,16000,0,7500,15000,0
60000,2,2,2,28,1,-1,-1,2,-1,-1,0,1672,836,836,780,390,1672,836,0,780,390,0,1
180000,1,2,2,23,0,0,0,0,0,0,96709,99673,100951,104625,106498,115632,4485,3682,5253,5000,11000,10000,0
160000,2,1,2,29,-1,-1,0,0,0,0,20193,3250,9244,8344,5607,1289,3250,6152,1000,1401,0,0,0
30000,1,2,2,30,0,0,0,0,0,0,22221,23248,24260,24743,25261,25763,1391,1403,886,917,922,955,0
120000,2,2,1,38,-1,-1,-1,-1,-1,-1,4100,7270,820,820,2870,970,7270,820,820,2870,970,820,0
210000,2,1,2,28,-1,-1,0,0,0,0,2568,52720,107861,112533,118699,41329,52720,57861,12533,8699,1329,13580,0
340000,2,1,1,43,0,0,0,0,0,0,15928,18338,20035,24238,20315,16378,3000,2000,5000,1000,723,5000,0
100000,1,2,1,50,0,0,0,0,0,0,101430,87429,108011,104261,102451,99947,5001,64401,4000,4500,4200,3200,0
370000,2,3,1,34,0,0,0,0,0,0,104114,233130,222640,184330,169078,167940,210000,9413,7900,6000,6000,7000,0
440000,2,2,2,27,-1,0,0,0,0,0,25154,27028,29098,21447,13547,16008,10011,5052,3163,5010,5000,5000,0
360000,2,2,2,30,0,0,0,0,0,0,132250,132655,135959,139796,143642,147418,5000,5000,5000,5000,5000,5000,0
200000,2,3,1,46,-1,-1,-1,-1,-2,-2,1207,5590,2500,0,0,0,5590,2500,0,0,0,0,1
300000,2,2,1,33,1,-2,-2,-2,-2,-2,0,0,0,0,0,0,0,0,0,0,0,0,0
360000,2,2,2,26,-1,-1,-1,-1,-2,-2,1968,459,2500,0,0,0,463,2500,0,0,0,0,0
50000,2,3,1,55,0,0,0,0,0,0,37234,37942,38003,11625,18442,9743,1963,2025,562,339,1200,600,0
230000,1,2,1,51,0,0,0,0,0,0,197993,84076,77766,70066,62865,55311,2965,3500,2600,2500,1901,2370,0
50000,1,2,1,29,1,2,0,0,0,2,23451,22781,24108,25203,26681,26117,0,2000,1800,2200,0,2250,1
200000,1,1,2,28,-1,-1,-1,-1,-1,-1,5838,2256,9552,4215,3400,3286,2256,9588,5135,3487,3295,7791,0
40000,2,2,1,45,1,2,0,0,0,0,11402,10928,11940,12241,12544,12835,0,1200,500,500,500,500,1
80000,1,1,2,30,-2,-1,0,0,0,0,6187,100,600,1438,1919,5380,504,500,1000,500,3500,0,0
80000,2,1,2,31,-1,-1,-1,-1,-1,-1,5759,8395,1768,4284,7202,2014,8414,1775,4284,7202,2014,5218,0
80000,1,3,2,44,0,0,0,0,-1,-1,55297,56677,57687,4500,4500,0,2300,2200,1005,4500,0,0,1
60000,2,1,2,33,1,2,0,0,0,0,11776,11295,12799,14272,15225,16320,0,2000,2000,1500,1500,1500,0
300000,2,2,1,36,-1,-1,2,0,-1,-1,-475,5191,4606,2303,2768,65373,10000,0,0,2768,65373,10780,1
30000,1,2,2,31,2,0,0,0,0,-1,23559,23381,540,150,-30,170,1000,500,0,600,200,5183,0
60000,2,2,1,36,-1,2,2,2,2,2,1577,2498,3309,3606,3400,3844,1100,1000,500,0,500,0,0
150000,2,2,2,26,0,0,0,0,0,0,153070,149027,151632,151855,150713,148958,6000,6000,7000,5480,5400,5300,0
60000,2,2,1,47,0,0,0,0,0,0,9253,56120,57614,58699,57302,51812,50000,3000,2700,3000,3000,3000,0
360000,2,1,1,32,-2,-2,-2,-2,-1,0,-16,3194,430,1982,211250,215670,3210,436,1991,211250,7762,7823,0
350000,2,0,2,53,-1,-1,-1,-1,-1,-1,5095,4815,61044,22611,1385,6043,4840,61349,22687,1389,6058,1153,0
140000,2,2,1,42,1,-2,-1,-1,-1,-1,0,0,1497,1039,1139,0,0,1497,1039,1139,0,5023,0
10000,1,2,2,26,1,-1,0,0,0,0,7140,8489,9488,9129,9479,9523,11153,1152,1150,500,345,387,0
210000,1,2,1,41,2,2,2,2,2,2,85639,87705,90376,90687,91888,93852,4200,4800,2500,3900,3400,3400,1
150000,1,1,1,41,-1,-1,-1,-1,0,0,390,390,390,15080,780,0,390,390,15080,0,0,0,0
80000,1,2,2,26,2,0,0,0,0,0,81268,78311,79915,81371,79916,79227,3450,3508,3405,3359,3108,3400,1
250000,1,0,1,35,-2,-2,-2,-2,-2,-2,22839,7745,12035,33604,0,1190,7783,12046,33718,0,1190,590,0
360000,2,2,1,48,0,0,0,0,0,0,226430,231878,234192,190211,173557,146511,9100,7300,5800,5600,5600,4100,0
320000,1,2,2,28,0,-1,-1,2,0,0,5799,70891,76755,74838,72402,71847,70891,7001,21,3012,3015,2713,0
50000,1,3,2,43,0,0,0,0,-1,0,97348,49221,29457,9279,888,19947,3711,1060,212,888,19709,690,0
110000,2,2,1,31,0,0,0,0,0,0,79126,76304,77783,79323,80563,78669,2782,2761,2770,2900,3000,2568,0
500000,1,2,1,48,-2,-2,-2,-2,-2,-2,1900,5441,0,1535,1100,800,5441,0,1535,1100,800,1297,0
10000,1,1,2,23,2,2,3,3,3,3,1050,1050,1050,1050,1050,1050,0,0,0,0,0,0,1
100000,1,1,2,30,0,0,0,0,0,0,100544,101167,101007,97862,79099,79812,4511,3711,3685,2797,2897,3046,1
90000,2,2,1,27,3,2,2,2,0,0,81701,85753,87510,85188,87112,169533,6000,4000,0,4200,3285,7787,1
50000,2,2,1,29,1,2,0,0,0,0,26293,25492,19680,19271,19659,19915,0,1609,2000,1000,715,883,0
190000,1,2,1,42,0,0,0,0,0,0,31323,28890,26793,27304,25845,22796,1500,1500,2000,1500,898,1000,0
50000,2,2,1,51,2,2,2,2,3,2,15902,17328,18746,20623,20019,19227,2000,2000,2500,0,0,1000,0
190000,1,1,1,55,-1,-1,-1,-1,-1,-1,5928,9770,8032,30,240,540,9770,8034,0,600,690,742,0
20000,1,3,2,24,3,3,2,2,2,2,15846,16283,17325,17542,17756,18023,1000,1600,800,800,700,800,1
240000,2,1,2,30,1,1,-2,-2,-2,-2,9028,-1868,-1868,-1868,-1868,-1868,0,0,0,0,0,0,1
30000,1,2,2,30,0,0,0,0,-1,0,29993,29890,28561,-229,23930,26655,1856,1000,1698,24860,3500,3000,0
480000,2,1,1,45,-1,0,-1,-1,-1,-1,17976,10928,650,1597,3750,9429,1008,650,1597,3750,9429,1000,0
150000,2,2,2,31,0,0,0,0,0,0,138363,138979,37713,35592,35808,36730,6000,2000,2000,1300,1500,1500,0
100000,2,2,2,37,1,2,-1,-1,-2,-2,3492,3293,326,324,174,1367,10,650,324,0,1367,4166,1
390000,2,2,2,31,1,2,0,0,-1,-1,20852,18376,15229,18229,9290,1826,0,1000,3000,9290,1826,3706,0
30000,1,2,1,39,0,0,0,0,0,0,28628,29160,21075,17257,15874,9514,2003,2400,1200,317,190,0,0
230000,1,1,1,33,0,0,0,0,0,0,218094,225070,227528,121751,219354,111792,12000,9100,4600,4200,4100,5000,0
390000,1,1,2,31,0,0,0,0,0,0,381453,375926,363787,291427,260026,178599,15024,30002,15052,10507,25001,25082,0
30000,2,2,1,25,1,2,0,0,0,0,29304,28534,29906,30524,28915,29524,0,1831,1449,1100,1051,1281,1
10000,1,2,2,33,0,0,0,0,0,0,8177,9131,9669,7624,8049,6857,2500,1145,1000,1000,1000,1500,0
60000,2,2,1,44,0,0,0,0,0,0,56970,58848,20641,22229,24708,27255,3000,2000,2229,3000,3000,3305,0
90000,2,2,1,54,-1,-1,-1,-1,-1,-1,692,392,332,14579,2091,506,394,332,14579,2091,506,417,0
330000,2,1,2,39,-1,-1,-1,-2,-1,-1,1972,1586,0,0,1588,0,1586,0,0,1588,0,0,1
